#
# There is insufficient memory for the Java Runtime Environment to continue.
# Native memory allocation (mmap) failed to map 65536 bytes. Error detail: Failed to commit metaspace.
# Possible reasons:
#   The system is out of physical RAM or swap space
#   This process is running with CompressedOops enabled, and the Java Heap may be blocking the growth of the native heap
# Possible solutions:
#   Reduce memory load on the system
#   Increase physical memory or swap space
#   Check if swap backing store is full
#   Decrease Java heap size (-Xmx/-Xms)
#   Decrease number of Java threads
#   Decrease Java thread stack sizes (-Xss)
#   Set larger code cache with -XX:ReservedCodeCacheSize=
#   JVM is running with Zero Based Compressed Oops mode in which the Java heap is
#     placed in the first 32GB address space. The Java Heap base address is the
#     maximum limit for the native heap growth. Please use -XX:HeapBaseMinAddress
#     to set the Java Heap base and to place the Java Heap above 32GB virtual address.
# This output file may be truncated or incomplete.
#
#  Out of Memory Error (virtualSpaceNode.cpp:113), pid=150568, tid=152780
#
# JRE version: OpenJDK Runtime Environment Temurin-21.0.7+6 (21.0.7+6) (build 21.0.7+6-LTS)
# Java VM: OpenJDK 64-Bit Server VM Temurin-21.0.7+6 (21.0.7+6-LTS, mixed mode, sharing, tiered, compressed oops, compressed class ptrs, g1 gc, windows-amd64)
# No core dump will be written. Minidumps are not enabled by default on client versions of Windows
#

---------------  S U M M A R Y ------------

Command Line: -Dfile.encoding=UTF-8 -Dstdout.encoding=UTF-8 -Dstderr.encoding=UTF-8 -XX:+ShowCodeDetailsInExceptionMessages com.proyecto.tratamientos.TratamientosApplication

Host: AMD Ryzen 5 5600G with Radeon Graphics         , 12 cores, 13G,  Windows 10 , 64 bit Build 19041 (10.0.19041.5915)
Time: Mon Oct 27 02:52:57 2025 Hora estándar de Argentina elapsed time: 2.499372 seconds (0d 0h 0m 2s)

---------------  T H R E A D  ---------------

Current thread (0x00000203a7c38f70):  JavaThread "restartedMain"        [_thread_in_vm, id=152780, stack(0x0000005fd2900000,0x0000005fd2a00000) (1024K)]

Stack: [0x0000005fd2900000,0x0000005fd2a00000]
Native frames: (J=compiled Java code, j=interpreted, Vv=VM code, C=native code)
V  [jvm.dll+0x6ce119]
V  [jvm.dll+0x8a84a1]
V  [jvm.dll+0x8aa9ce]
V  [jvm.dll+0x8ab0b3]
V  [jvm.dll+0x27f8a6]
V  [jvm.dll+0x8a41ee]
V  [jvm.dll+0x670575]
V  [jvm.dll+0x1e474c]
V  [jvm.dll+0x1e451e]
V  [jvm.dll+0x672e72]
V  [jvm.dll+0x672c92]
V  [jvm.dll+0x670f4e]
V  [jvm.dll+0x26a886]
V  [jvm.dll+0x216127]
V  [jvm.dll+0x20bbae]
V  [jvm.dll+0x5ae58c]
V  [jvm.dll+0x82186d]
V  [jvm.dll+0x472052]
V  [jvm.dll+0x485466]
C  [java.dll+0x1657]

Java frames: (J=compiled Java code, j=interpreted, Vv=VM code)
J 1049  java.lang.ClassLoader.defineClass0(Ljava/lang/ClassLoader;Ljava/lang/Class;Ljava/lang/String;[BIILjava/security/ProtectionDomain;ZILjava/lang/Object;)Ljava/lang/Class; java.base@21.0.7 (0 bytes) @ 0x0000020398ef65bc [0x0000020398ef64c0+0x00000000000000fc]
j  java.lang.System$2.defineClass(Ljava/lang/ClassLoader;Ljava/lang/Class;Ljava/lang/String;[BLjava/security/ProtectionDomain;ZILjava/lang/Object;)Ljava/lang/Class;+17 java.base@21.0.7
j  java.lang.invoke.MethodHandles$Lookup$ClassDefiner.defineClass(ZLjava/lang/Object;)Ljava/lang/Class;+57 java.base@21.0.7
j  java.lang.invoke.InvokerBytecodeGenerator.loadMethod([B)Ljava/lang/invoke/MemberName;+22 java.base@21.0.7
j  java.lang.invoke.InvokerBytecodeGenerator.generateCustomizedCode(Ljava/lang/invoke/LambdaForm;Ljava/lang/invoke/MethodType;)Ljava/lang/invoke/MemberName;+30 java.base@21.0.7
j  java.lang.invoke.LambdaForm.compileToBytecode()V+69 java.base@21.0.7
J 783 c1 java.lang.invoke.LambdaForm.prepare()V java.base@21.0.7 (108 bytes) @ 0x000002039150aefc [0x000002039150ad60+0x000000000000019c]
J 782 c1 java.lang.invoke.MethodHandle.<init>(Ljava/lang/invoke/MethodType;Ljava/lang/invoke/LambdaForm;)V java.base@21.0.7 (37 bytes) @ 0x000002039150a564 [0x000002039150a320+0x0000000000000244]
J 1131 c1 java.lang.invoke.BoundMethodHandle.<init>(Ljava/lang/invoke/MethodType;Ljava/lang/invoke/LambdaForm;)V java.base@21.0.7 (32 bytes) @ 0x00000203915cc354 [0x00000203915cc2c0+0x0000000000000094]
j  java.lang.invoke.BoundMethodHandle$Species_LLLL.<init>(Ljava/lang/invoke/MethodType;Ljava/lang/invoke/LambdaForm;Ljava/lang/Object;Ljava/lang/Object;Ljava/lang/Object;Ljava/lang/Object;)V+3 java.base@21.0.7
j  java.lang.invoke.BoundMethodHandle$Species_LLLL.make(Ljava/lang/invoke/MethodType;Ljava/lang/invoke/LambdaForm;Ljava/lang/Object;Ljava/lang/Object;Ljava/lang/Object;Ljava/lang/Object;)Ljava/lang/invoke/BoundMethodHandle;+12 java.base@21.0.7
j  java.lang.invoke.DirectMethodHandle$Holder.invokeStatic(Ljava/lang/Object;Ljava/lang/Object;Ljava/lang/Object;Ljava/lang/Object;Ljava/lang/Object;Ljava/lang/Object;Ljava/lang/Object;)Ljava/lang/Object;+20 java.base@21.0.7
j  java.lang.invoke.BoundMethodHandle$Species_LLL.copyWithExtendL(Ljava/lang/invoke/MethodType;Ljava/lang/invoke/LambdaForm;Ljava/lang/Object;)Ljava/lang/invoke/BoundMethodHandle;+22 java.base@21.0.7
j  java.lang.invoke.MethodHandleImpl.makePairwiseConvertByEditor(Ljava/lang/invoke/MethodHandle;Ljava/lang/invoke/MethodType;ZZ)Ljava/lang/invoke/MethodHandle;+400 java.base@21.0.7
j  java.lang.invoke.MethodHandleImpl.makePairwiseConvert(Ljava/lang/invoke/MethodHandle;Ljava/lang/invoke/MethodType;ZZ)Ljava/lang/invoke/MethodHandle;+18 java.base@21.0.7
j  java.lang.invoke.MethodHandleImpl.makePairwiseConvert(Ljava/lang/invoke/MethodHandle;Ljava/lang/invoke/MethodType;Z)Ljava/lang/invoke/MethodHandle;+4 java.base@21.0.7
j  java.lang.invoke.MethodHandle.asTypeUncached(Ljava/lang/invoke/MethodType;)Ljava/lang/invoke/MethodHandle;+50 java.base@21.0.7
j  java.lang.invoke.MethodHandle.asType(Ljava/lang/invoke/MethodType;)Ljava/lang/invoke/MethodHandle;+25 java.base@21.0.7
j  jdk.internal.reflect.MethodHandleAccessorFactory.newConstructorAccessor(Ljava/lang/reflect/Constructor;)Ljdk/internal/reflect/ConstructorAccessorImpl;+64 java.base@21.0.7
j  jdk.internal.reflect.ReflectionFactory.newConstructorAccessor(Ljava/lang/reflect/Constructor;)Ljdk/internal/reflect/ConstructorAccessor;+67 java.base@21.0.7
j  java.lang.reflect.Constructor.acquireConstructorAccessor()Ljdk/internal/reflect/ConstructorAccessor;+58 java.base@21.0.7
j  java.lang.reflect.Constructor.newInstanceWithCaller([Ljava/lang/Object;ZLjava/lang/Class;)Ljava/lang/Object;+33 java.base@21.0.7
j  java.lang.reflect.Constructor.newInstance([Ljava/lang/Object;)Ljava/lang/Object;+30 java.base@21.0.7
j  org.springframework.core.io.support.SpringFactoriesLoader$FactoryInstantiator.instantiate(Lorg/springframework/core/io/support/SpringFactoriesLoader$ArgumentResolver;)Ljava/lang/Object;+33
j  org.springframework.core.io.support.SpringFactoriesLoader.instantiateFactory(Ljava/lang/String;Ljava/lang/Class;Lorg/springframework/core/io/support/SpringFactoriesLoader$ArgumentResolver;Lorg/springframework/core/io/support/SpringFactoriesLoader$FailureHandler;)Ljava/lang/Object;+36
j  org.springframework.core.io.support.SpringFactoriesLoader.load(Ljava/lang/Class;Lorg/springframework/core/io/support/SpringFactoriesLoader$ArgumentResolver;Lorg/springframework/core/io/support/SpringFactoriesLoader$FailureHandler;)Ljava/util/List;+99
j  org.springframework.core.io.support.SpringFactoriesLoader.load(Ljava/lang/Class;Lorg/springframework/core/io/support/SpringFactoriesLoader$ArgumentResolver;)Ljava/util/List;+4
j  org.springframework.boot.context.config.ConfigDataLocationResolvers.<init>(Lorg/springframework/boot/logging/DeferredLogFactory;Lorg/springframework/boot/ConfigurableBootstrapContext;Lorg/springframework/boot/context/properties/bind/Binder;Lorg/springframework/core/io/ResourceLoader;Lorg/springframework/core/io/support/SpringFactoriesLoader;)V+97
j  org.springframework.boot.context.config.ConfigDataEnvironment.createConfigDataLocationResolvers(Lorg/springframework/boot/logging/DeferredLogFactory;Lorg/springframework/boot/ConfigurableBootstrapContext;Lorg/springframework/boot/context/properties/bind/Binder;Lorg/springframework/core/io/ResourceLoader;)Lorg/springframework/boot/context/config/ConfigDataLocationResolvers;+19
j  org.springframework.boot.context.config.ConfigDataEnvironment.<init>(Lorg/springframework/boot/logging/DeferredLogFactory;Lorg/springframework/boot/ConfigurableBootstrapContext;Lorg/springframework/core/env/ConfigurableEnvironment;Lorg/springframework/core/io/ResourceLoader;Ljava/util/Collection;Lorg/springframework/boot/context/config/ConfigDataEnvironmentUpdateListener;)V+69
j  org.springframework.boot.context.config.ConfigDataEnvironmentPostProcessor.getConfigDataEnvironment(Lorg/springframework/core/env/ConfigurableEnvironment;Lorg/springframework/core/io/ResourceLoader;Ljava/util/Collection;)Lorg/springframework/boot/context/config/ConfigDataEnvironment;+19
j  org.springframework.boot.context.config.ConfigDataEnvironmentPostProcessor.postProcessEnvironment(Lorg/springframework/core/env/ConfigurableEnvironment;Lorg/springframework/core/io/ResourceLoader;Ljava/util/Collection;)V+31
j  org.springframework.boot.context.config.ConfigDataEnvironmentPostProcessor.postProcessEnvironment(Lorg/springframework/core/env/ConfigurableEnvironment;Lorg/springframework/boot/SpringApplication;)V+10
j  org.springframework.boot.env.EnvironmentPostProcessorApplicationListener.onApplicationEnvironmentPreparedEvent(Lorg/springframework/boot/context/event/ApplicationEnvironmentPreparedEvent;)V+66
j  org.springframework.boot.env.EnvironmentPostProcessorApplicationListener.onApplicationEvent(Lorg/springframework/context/ApplicationEvent;)V+14
j  org.springframework.context.event.SimpleApplicationEventMulticaster.doInvokeListener(Lorg/springframework/context/ApplicationListener;Lorg/springframework/context/ApplicationEvent;)V+2
j  org.springframework.context.event.SimpleApplicationEventMulticaster.invokeListener(Lorg/springframework/context/ApplicationListener;Lorg/springframework/context/ApplicationEvent;)V+34
j  org.springframework.context.event.SimpleApplicationEventMulticaster.multicastEvent(Lorg/springframework/context/ApplicationEvent;Lorg/springframework/core/ResolvableType;)V+104
j  org.springframework.context.event.SimpleApplicationEventMulticaster.multicastEvent(Lorg/springframework/context/ApplicationEvent;)V+3
j  org.springframework.boot.context.event.EventPublishingRunListener.multicastInitialEvent(Lorg/springframework/context/ApplicationEvent;)V+9
j  org.springframework.boot.context.event.EventPublishingRunListener.environmentPrepared(Lorg/springframework/boot/ConfigurableBootstrapContext;Lorg/springframework/core/env/ConfigurableEnvironment;)V+18
j  org.springframework.boot.SpringApplicationRunListeners.lambda$environmentPrepared$2(Lorg/springframework/boot/ConfigurableBootstrapContext;Lorg/springframework/core/env/ConfigurableEnvironment;Lorg/springframework/boot/SpringApplicationRunListener;)V+3
j  org.springframework.boot.SpringApplicationRunListeners$$Lambda+0x00000203a90b8ce0.accept(Ljava/lang/Object;)V+12
j  java.lang.Iterable.forEach(Ljava/util/function/Consumer;)V+30 java.base@21.0.7
j  org.springframework.boot.SpringApplicationRunListeners.doWithListeners(Ljava/lang/String;Ljava/util/function/Consumer;Ljava/util/function/Consumer;)V+17
j  org.springframework.boot.SpringApplicationRunListeners.doWithListeners(Ljava/lang/String;Ljava/util/function/Consumer;)V+4
j  org.springframework.boot.SpringApplicationRunListeners.environmentPrepared(Lorg/springframework/boot/ConfigurableBootstrapContext;Lorg/springframework/core/env/ConfigurableEnvironment;)V+10
j  org.springframework.boot.SpringApplication.prepareEnvironment(Lorg/springframework/boot/SpringApplicationRunListeners;Lorg/springframework/boot/DefaultBootstrapContext;Lorg/springframework/boot/ApplicationArguments;)Lorg/springframework/core/env/ConfigurableEnvironment;+27
j  org.springframework.boot.SpringApplication.run([Ljava/lang/String;)Lorg/springframework/context/ConfigurableApplicationContext;+65
j  org.springframework.boot.SpringApplication.run([Ljava/lang/Class;[Ljava/lang/String;)Lorg/springframework/context/ConfigurableApplicationContext;+9
j  org.springframework.boot.SpringApplication.run(Ljava/lang/Class;[Ljava/lang/String;)Lorg/springframework/context/ConfigurableApplicationContext;+9
j  com.proyecto.tratamientos.TratamientosApplication.main([Ljava/lang/String;)V+3
j  java.lang.invoke.LambdaForm$DMH+0x00000203a9091400.invokeStatic(Ljava/lang/Object;Ljava/lang/Object;)V+10 java.base@21.0.7
j  java.lang.invoke.LambdaForm$MH+0x00000203a9092c00.invoke(Ljava/lang/Object;Ljava/lang/Object;Ljava/lang/Object;)Ljava/lang/Object;+33 java.base@21.0.7
j  java.lang.invoke.Invokers$Holder.invokeExact_MT(Ljava/lang/Object;Ljava/lang/Object;Ljava/lang/Object;Ljava/lang/Object;)Ljava/lang/Object;+20 java.base@21.0.7
j  jdk.internal.reflect.DirectMethodHandleAccessor.invokeImpl(Ljava/lang/Object;[Ljava/lang/Object;)Ljava/lang/Object;+55 java.base@21.0.7
j  jdk.internal.reflect.DirectMethodHandleAccessor.invoke(Ljava/lang/Object;[Ljava/lang/Object;)Ljava/lang/Object;+23 java.base@21.0.7
j  java.lang.reflect.Method.invoke(Ljava/lang/Object;[Ljava/lang/Object;)Ljava/lang/Object;+102 java.base@21.0.7
j  org.springframework.boot.devtools.restart.RestartLauncher.run()V+47
v  ~StubRoutines::call_stub 0x000002039890100d

Compiled method (n/a) 2514 1049     n 0       java.lang.ClassLoader::defineClass0 (native)
 total in heap  [0x0000020398ef6310,0x0000020398ef69a0] = 1680
 relocation     [0x0000020398ef6470,0x0000020398ef64a8] = 56
 main code      [0x0000020398ef64c0,0x0000020398ef699a] = 1242
 stub code      [0x0000020398ef699a,0x0000020398ef69a0] = 6

[Constant Pool (empty)]

[MachCode]
[Entry Point]
  # {method} {0x00000203a84309d8} 'defineClass0' '(Ljava/lang/ClassLoader;Ljava/lang/Class;Ljava/lang/String;[BIILjava/security/ProtectionDomain;ZILjava/lang/Object;)Ljava/lang/Class;' in 'java/lang/ClassLoader'
  # parm0:    rdx:rdx   = 'java/lang/ClassLoader'
  # parm1:    r8:r8     = 'java/lang/Class'
  # parm2:    r9:r9     = 'java/lang/String'
  # parm3:    rdi:rdi   = '[B'
  # parm4:    rsi       = int
  # parm5:    rcx       = int
  # parm6:    [sp+0xb0]   = 'java/security/ProtectionDomain'  (sp of caller)
  # parm7:    [sp+0xb8]   = boolean
  # parm8:    [sp+0xc0]   = int
  # parm9:    [sp+0xc8]   = 'java/lang/Object'
  0x0000020398ef64c0: 448b 5208 | 49bb 0000 | 00a8 0302 | 0000 4d03 | d349 3bc2 | 0f84 0600 

  0x0000020398ef64d8: ;   {runtime_call ic_miss_stub}
  0x0000020398ef64d8: 0000 e9a1 | 82a5 ff90 
[Verified Entry Point]
  0x0000020398ef64e0: 8984 2400 | 80ff ff55 | 488b ec48 | 81ec a000 | 0000 6690 | 4181 7f20 | 0100 0000 

  0x0000020398ef64fc: ;   {runtime_call StubRoutines (final stubs)}
  0x0000020398ef64fc: 7405 e85d | e8a3 ff48 | 837d 2800 | 488d 4528 | 480f 4445 | 2848 8944 | 2458 4863 | 4520 4889 
  0x0000020398ef651c: 4424 5048 | 6345 1848 | 8944 2448 | 4883 7d10 | 0048 8d45 | 1048 0f44 | 4510 4889 | 4424 4048 
  0x0000020398ef653c: 894c 2438 | 4889 7424 | 3048 897c | 2478 4883 | ff00 488d | 4424 7848 | 0f44 4424 | 7848 8944 
  0x0000020398ef655c: 2428 4c89 | 4c24 7049 | 83f9 0048 | 8d44 2470 | 480f 4444 | 2470 4889 | 4424 204c | 8944 2468 
  0x0000020398ef657c: 4983 f800 | 4c8d 4c24 | 684c 0f44 | 4c24 6848 | 8954 2460 | 4883 fa00 | 4c8d 4424 | 604c 0f44 
  0x0000020398ef659c: ;   {oop(a 'java/lang/Class'{0x000000072e648080} = 'java/lang/ClassLoader')}
  0x0000020398ef659c: 4424 6049 | be80 8064 | 2e07 0000 | 004c 89b4 | 2490 0000 | 004c 8db4 | 2490 0000 | 0049 8bd6 
  0x0000020398ef65bc: ;   {internal_word}
  0x0000020398ef65bc: c5f8 7749 | babc 65ef | 9803 0200 | 004d 8997 | a003 0000 | 4989 a798 

  0x0000020398ef65d4: ;   {external_word}
  0x0000020398ef65d4: 0300 0049 | ba3d 5b80 | 8afb 7f00 | 0041 803a | 000f 844e | 0000 0052 | 4150 4151 

  0x0000020398ef65f0: ;   {metadata({method} {0x00000203a84309d8} 'defineClass0' '(Ljava/lang/ClassLoader;Ljava/lang/Class;Ljava/lang/String;[BIILjava/security/ProtectionDomain;ZILjava/lang/Object;)Ljava/lang/Class;' in 'java/lang/ClassLoader')}
  0x0000020398ef65f0: 48ba d009 | 43a8 0302 | 0000 498b | cf48 83ec | 2040 f6c4 | 0f0f 8419 | 0000 0048 

  0x0000020398ef660c: ;   {runtime_call}
  0x0000020398ef660c: 83ec 0848 | b850 4b2a | 8afb 7f00 | 00ff d048 | 83c4 08e9 | 0c00 0000 

  0x0000020398ef6624: ;   {runtime_call}
  0x0000020398ef6624: 48b8 504b | 2a8a fb7f | 0000 ffd0 | 4883 c420 | 4159 4158 | 5a49 8d8f | b803 0000 | 41c7 8744 
  0x0000020398ef6644: 0400 0004 

  0x0000020398ef6648: ;   {runtime_call}
  0x0000020398ef6648: 0000 0048 | b81c 15f0 | e2fb 7f00 | 00ff d0c5 | f877 41c7 | 8744 0400 | 0005 0000 | 00f0 8344 
  0x0000020398ef6668: 24c0 0049 | 3baf 4804 | 0000 0f87 | 0e00 0000 | 4183 bf40 | 0400 0000 | 0f84 2b00 | 0000 c5f8 
  0x0000020398ef6688: 7748 8945 | f849 8bcf | 4c8b e448 | 83ec 2048 

  0x0000020398ef6698: ;   {runtime_call}
  0x0000020398ef6698: 83e4 f048 | b800 d1f5 | 89fb 7f00 | 00ff d049 | 8be4 4d33 | e448 8b45 | f841 c787 | 4404 0000 
  0x0000020398ef66b8: 0800 0000 | 4183 bfc0 | 0400 0002 | 0f84 a302 

  0x0000020398ef66c8: ;   {external_word}
  0x0000020398ef66c8: 0000 49ba | 3d5b 808a | fb7f 0000 | 4180 3a00 | 0f84 4c00 | 0000 4889 

  0x0000020398ef66e0: ;   {metadata({method} {0x00000203a84309d8} 'defineClass0' '(Ljava/lang/ClassLoader;Ljava/lang/Class;Ljava/lang/String;[BIILjava/security/ProtectionDomain;ZILjava/lang/Object;)Ljava/lang/Class;' in 'java/lang/ClassLoader')}
  0x0000020398ef66e0: 45f8 48ba | d009 43a8 | 0302 0000 | 498b cf48 | 83ec 2040 | f6c4 0f0f | 8419 0000 | 0048 83ec 
  0x0000020398ef6700: ;   {runtime_call}
  0x0000020398ef6700: 0848 b850 | 4b2a 8afb | 7f00 00ff | d048 83c4 | 08e9 0c00 

  0x0000020398ef6714: ;   {runtime_call}
  0x0000020398ef6714: 0000 48b8 | 504b 2a8a | fb7f 0000 | ffd0 4883 | c420 488b | 45f8 49c7 | 8798 0300 | 0000 0000 
  0x0000020398ef6734: 0049 c787 | a003 0000 | 0000 0000 | c5f8 7748 | 85c0 0f84 | fe01 0000 | a803 0f85 | 0800 0000 
  0x0000020398ef6754: 488b 00e9 | ee01 0000 | a801 0f85 | 0900 0000 | 488b 40fe | e9dd 0100 | 0048 8b40 | ff41 807f 
  0x0000020398ef6774: 4000 0f84 | ce01 0000 | 4883 f800 | 0f84 c401 | 0000 498b | 4f28 4883 | f900 0f84 | 1400 0000 
  0x0000020398ef6794: 4883 e908 | 4989 4f28 | 4903 4f38 | 4889 01e9 | a201 0000 | 4881 ecd0 | 0000 0048 | 8904 2448 
  0x0000020398ef67b4: 894c 2408 | 4889 5424 | 1048 8974 | 2418 4889 | 7c24 204c | 8944 2428 | 4c89 4c24 | 304c 8954 
  0x0000020398ef67d4: 2438 4c89 | 5c24 40c5 | fb11 4424 | 50c5 fb11 | 4c24 58c5 | fb11 5424 | 60c5 fb11 | 5c24 68c5 
  0x0000020398ef67f4: fb11 6424 | 70c5 fb11 | 6c24 78c5 | fb11 b424 | 8000 0000 | c5fb 11bc | 2488 0000 | 00c5 7b11 
  0x0000020398ef6814: ;   {no_reloc}
  0x0000020398ef6814: 8424 9000 | 0000 c57b | 118c 2498 | 0000 00c5 | 7b11 9424 | a000 0000 | c57b 119c | 24a8 0000 
  0x0000020398ef6834: 00c5 7b11 | a424 b000 | 0000 c57b | 11ac 24b8 | 0000 00c5 | 7b11 b424 | c000 0000 | c57b 11bc 
  0x0000020398ef6854: 24c8 0000 | 0049 8bd7 | 488b c848 | 83ec 2040 | f6c4 0f0f | 8419 0000 | 0048 83ec 

  0x0000020398ef6870: ;   {runtime_call}
  0x0000020398ef6870: 0848 b8c0 | 14e9 89fb | 7f00 00ff | d048 83c4 | 08e9 0c00 

  0x0000020398ef6884: ;   {runtime_call}
  0x0000020398ef6884: 0000 48b8 | c014 e989 | fb7f 0000 | ffd0 4883 | c420 c57b | 10bc 24c8 | 0000 00c5 | 7b10 b424 
  0x0000020398ef68a4: c000 0000 | c57b 10ac | 24b8 0000 | 00c5 7b10 | a424 b000 | 0000 c57b | 109c 24a8 | 0000 00c5 
  0x0000020398ef68c4: 7b10 9424 | a000 0000 | c57b 108c | 2498 0000 | 00c5 7b10 | 8424 9000 | 0000 c5fb | 10bc 2488 
  0x0000020398ef68e4: 0000 00c5 | fb10 b424 | 8000 0000 | c5fb 106c | 2478 c5fb | 1064 2470 | c5fb 105c | 2468 c5fb 
  0x0000020398ef6904: 1054 2460 | c5fb 104c | 2458 c5fb | 1044 2450 | 4c8b 5c24 | 404c 8b54 | 2438 4c8b | 4c24 304c 
  0x0000020398ef6924: 8b44 2428 | 488b 7c24 | 2048 8b74 | 2418 488b | 5424 1048 | 8b4c 2408 | 488b 0424 | 4881 c4d0 
  0x0000020398ef6944: 0000 00c5 | f877 498b | 8f28 0400 | 00c7 8100 | 0100 0000 | 0000 00c9 | 4983 7f08 | 000f 8501 
  0x0000020398ef6964: 0000 00c3 

  0x0000020398ef6968: ;   {runtime_call StubRoutines (initial stubs)}
  0x0000020398ef6968: e993 a5a0 | ffc5 f877 | 4889 45f8 | 4c8b e448 | 83ec 2048 

  0x0000020398ef697c: ;   {runtime_call}
  0x0000020398ef697c: 83e4 f048 | b830 832a | 8afb 7f00 | 00ff d049 | 8be4 4d33 | e448 8b45 | f8e9 30fd | ffff f4f4 
  0x0000020398ef699c: f4f4 f4f4 
[/MachCode]


Compiled method (c1) 2542  783       3       java.lang.invoke.LambdaForm::prepare (108 bytes)
 total in heap  [0x000002039150ab10,0x000002039150b7f0] = 3296
 relocation     [0x000002039150ac70,0x000002039150ad58] = 232
 main code      [0x000002039150ad60,0x000002039150b4b8] = 1880
 stub code      [0x000002039150b4b8,0x000002039150b550] = 152
 metadata       [0x000002039150b550,0x000002039150b590] = 64
 scopes data    [0x000002039150b590,0x000002039150b648] = 184
 scopes pcs     [0x000002039150b648,0x000002039150b798] = 336
 dependencies   [0x000002039150b798,0x000002039150b7a8] = 16
 nul chk table  [0x000002039150b7a8,0x000002039150b7f0] = 72

[Constant Pool (empty)]

[MachCode]
[Entry Point]
  # {method} {0x00000203a8090600} 'prepare' '()V' in 'java/lang/invoke/LambdaForm'
  #           [sp+0x70]  (sp of caller)
  0x000002039150ad60: 448b 5208 | 49bb 0000 | 00a8 0302 | 0000 4d03 | d34c 3bd0 

  0x000002039150ad74: ;   {runtime_call ic_miss_stub}
  0x000002039150ad74: 0f85 063a | 4407 660f | 1f44 0000 
[Verified Entry Point]
  0x000002039150ad80: 8984 2400 | 80ff ff55 | 4883 ec60 | 4181 7f20 | 0100 0000 

  0x000002039150ad94: ;   {runtime_call StubRoutines (final stubs)}
  0x000002039150ad94: 7405 e8c5 | 9f42 0748 | 8954 2438 

  0x000002039150ada0: ;   {metadata(method data for {method} {0x00000203a8090600} 'prepare' '()V' in 'java/lang/invoke/LambdaForm')}
  0x000002039150ada0: 48be e85d | 10e9 0302 | 0000 8bbe | cc00 0000 | 83c7 0289 | becc 0000 | 0081 e7fe | 0700 0085 
  0x000002039150adc0: ff0f 8486 

  0x000002039150adc4: ;   {metadata(method data for {method} {0x00000203a8090600} 'prepare' '()V' in 'java/lang/invoke/LambdaForm')}
  0x000002039150adc4: 0500 0048 | bee8 5d10 | e903 0200 | 00ff 8620 | 0100 0048 

  0x000002039150add8: ;   {metadata(method data for {method} {0x00000203a8090600} 'prepare' '()V' in 'java/lang/invoke/LambdaForm')}
  0x000002039150add8: 8bf2 48bf | e85d 10e9 | 0302 0000 | 4883 8730 | 0100 0001 

  0x000002039150adec: ;   {metadata(method data for {method} {0x00000203a83f54e0} 'forceInterpretation' '()Z' in 'java/lang/invoke/LambdaForm')}
  0x000002039150adec: 48be e0ef | 0de9 0302 | 0000 8bbe | cc00 0000 | 83c7 0289 | becc 0000 | 0081 e7fe | ff1f 0085 
  0x000002039150ae0c: ff0f 845b | 0500 008b | 7214 83fe 

  0x000002039150ae18: ;   {metadata(method data for {method} {0x00000203a83f54e0} 'forceInterpretation' '()Z' in 'java/lang/invoke/LambdaForm')}
  0x000002039150ae18: ff48 bee0 | ef0d e903 | 0200 0048 | c7c7 1001 | 0000 7507 | 48c7 c720 | 0100 0048 | 8b1c 3e48 
  0x000002039150ae38: 8d5b 0148 | 891c 3e0f | 851a 0000 

  0x000002039150ae44: ;   {metadata(method data for {method} {0x00000203a83f54e0} 'forceInterpretation' '()Z' in 'java/lang/invoke/LambdaForm')}
  0x000002039150ae44: 0048 bee0 | ef0d e903 | 0200 00ff | 8630 0100 | 00be 0100 | 0000 e905 | 0000 00be | 0000 0000 
  0x000002039150ae64: 83e6 0185 

  0x000002039150ae68: ;   {metadata(method data for {method} {0x00000203a8090600} 'prepare' '()V' in 'java/lang/invoke/LambdaForm')}
  0x000002039150ae68: f648 bee8 | 5d10 e903 | 0200 0048 | c7c7 6801 | 0000 7507 | 48c7 c778 | 0100 0048 | 8b1c 3e48 
  0x000002039150ae88: 8d5b 0148 | 891c 3e0f | 8574 0000 | 000f be72 

  0x000002039150ae98: ;   {metadata(method data for {method} {0x00000203a8090600} 'prepare' '()V' in 'java/lang/invoke/LambdaForm')}
  0x000002039150ae98: 1985 f648 | bee8 5d10 | e903 0200 | 0048 c7c7 | 8801 0000 | 7507 48c7 | c798 0100 | 0048 8b1c 
  0x000002039150aeb8: 3e48 8d5b | 0148 891c | 3e0f 8542 | 0000 0048 

  0x000002039150aec8: ;   {metadata(method data for {method} {0x00000203a8090600} 'prepare' '()V' in 'java/lang/invoke/LambdaForm')}
  0x000002039150aec8: 8bf2 48bf | e85d 10e9 | 0302 0000 

  0x000002039150aed4: ;   {metadata('java/lang/invoke/LambdaForm')}
  0x000002039150aed4: 49ba 58ff | 08a8 0302 | 0000 4c89 | 97b8 0100 | 0048 8387 | c001 0000 | 0148 8bf2 | 488b d60f 
  0x000002039150aef4: ;   {optimized virtual_call}
  0x000002039150aef4: 1f40 00e8 

  0x000002039150aef8: ; ImmutableOopMap {[56]=Oop }
                      ;*invokevirtual compileToBytecode {reexecute=0 rethrow=0 return_oop=0}
                      ; - java.lang.invoke.LambdaForm::prepare@21 (line 807)
  0x000002039150aef8: c105 0000 

  0x000002039150aefc: ;   {other}
  0x000002039150aefc: 0f1f 8400 | ec03 0000 | 488b 5424 | 388b 7228 | 48c1 e603 

  0x000002039150af10: ;   {metadata(method data for {method} {0x00000203a8090600} 'prepare' '()V' in 'java/lang/invoke/LambdaForm')}
  0x000002039150af10: 4885 f648 | bee8 5d10 | e903 0200 | 0048 c7c7 | f001 0000 | 7507 48c7 | c7e0 0100 | 0048 8b1c 
  0x000002039150af30: 3e48 8d5b | 0148 891c | 3e0f 85fb | 0300 0048 

  0x000002039150af40: ;   {metadata(method data for {method} {0x00000203a8090600} 'prepare' '()V' in 'java/lang/invoke/LambdaForm')}
  0x000002039150af40: 8bf2 48bf | e85d 10e9 | 0302 0000 

  0x000002039150af4c: ;   {metadata('java/lang/invoke/LambdaForm')}
  0x000002039150af4c: 49ba 58ff | 08a8 0302 | 0000 4c89 | 9710 0200 | 0048 8387 | 1802 0000 | 0148 8bf2 | 488b d60f 
  0x000002039150af6c: ;   {optimized virtual_call}
  0x000002039150af6c: 1f40 00e8 

  0x000002039150af70: ; ImmutableOopMap {[56]=Oop }
                      ;*invokevirtual methodType {reexecute=0 rethrow=0 return_oop=0}
                      ; - java.lang.invoke.LambdaForm::prepare@33 (line 813)
  0x000002039150af70: 0c3b 4407 

  0x000002039150af74: ;   {other}
  0x000002039150af74: 0f1f 8400 | 6404 0001 | 4889 4424 | 4048 3b00 

  0x000002039150af84: ;   {metadata(method data for {method} {0x00000203a8090600} 'prepare' '()V' in 'java/lang/invoke/LambdaForm')}
  0x000002039150af84: 488b d048 | bee8 5d10 | e903 0200 | 0048 8386 | 3802 0000 | 018b 5014 | 48c1 e203 

  0x000002039150afa0: ; implicit exception: dispatches to 0x000002039150b394
  0x000002039150afa0: 483b 0248 

  0x000002039150afa4: ;   {metadata(method data for {method} {0x00000203a8090600} 'prepare' '()V' in 'java/lang/invoke/LambdaForm')}
  0x000002039150afa4: 8bf2 48bf | e85d 10e9 | 0302 0000 | 4883 8770 | 0200 0001 

  0x000002039150afb8: ;   {metadata(method data for {method} {0x00000203a83f43b0} 'cachedLambdaForm' '(I)Ljava/lang/invoke/LambdaForm;' in 'java/lang/invoke/MethodTypeForm')}
  0x000002039150afb8: 48be f869 | 10e9 0302 | 0000 8bbe | cc00 0000 | 83c7 0289 | becc 0000 | 0081 e7fe | ff1f 0085 
  0x000002039150afd8: ff0f 84ba | 0300 008b | 521c 48c1 | e203 8b72 | 0c83 fe06 | 0f86 cd03 | 0000 8b52 | 2848 c1e2 
  0x000002039150aff8: 0348 85d2 

  0x000002039150affc: ;   {metadata(method data for {method} {0x00000203a83f43b0} 'cachedLambdaForm' '(I)Ljava/lang/invoke/LambdaForm;' in 'java/lang/invoke/MethodTypeForm')}
  0x000002039150affc: 48be f869 | 10e9 0302 | 0000 48c7 | c710 0100 | 0074 0748 | c7c7 2001 | 0000 488b | 1c3e 488d 
  0x000002039150b01c: 5b01 4889 | 1c3e 0f84 | a301 0000 

  0x000002039150b028: ; implicit exception: dispatches to 0x000002039150b3d1
  0x000002039150b028: 483b 0248 

  0x000002039150b02c: ;   {metadata(method data for {method} {0x00000203a83f43b0} 'cachedLambdaForm' '(I)Ljava/lang/invoke/LambdaForm;' in 'java/lang/invoke/MethodTypeForm')}
  0x000002039150b02c: 8bf2 48bf | f869 10e9 | 0302 0000 | 8b76 0849 | ba00 0000 | a803 0200 | 0049 03f2 | 483b b740 
  0x000002039150b04c: 0100 0075 | 0d48 8387 | 4801 0000 | 01e9 6000 | 0000 483b | b750 0100 | 0075 0d48 | 8387 5801 
  0x000002039150b06c: 0000 01e9 | 4a00 0000 | 4883 bf40 | 0100 0000 | 7517 4889 | b740 0100 | 0048 c787 | 4801 0000 
  0x000002039150b08c: 0100 0000 | e929 0000 | 0048 83bf | 5001 0000 | 0075 1748 | 89b7 5001 | 0000 48c7 | 8758 0100 
  0x000002039150b0ac: 0001 0000 | 00e9 0800 | 0000 4883 | 8730 0100 

  0x000002039150b0bc: ;   {optimized virtual_call}
  0x000002039150b0bc: 0001 90e8 

  0x000002039150b0c0: ; ImmutableOopMap {[56]=Oop [64]=Oop }
                      ;*invokevirtual get {reexecute=0 rethrow=0 return_oop=0}
                      ; - java.lang.invoke.MethodTypeForm::cachedLambdaForm@12 (line 132)
                      ; - java.lang.invoke.LambdaForm::prepare@43 (line 814)
  0x000002039150b0c0: bc39 4407 

  0x000002039150b0c4: ;   {other}
  0x000002039150b0c4: 0f1f 8400 | b405 0002 | 4885 c075 

  0x000002039150b0d0: ;   {metadata(method data for {method} {0x00000203a83f43b0} 'cachedLambdaForm' '(I)Ljava/lang/invoke/LambdaForm;' in 'java/lang/invoke/MethodTypeForm')}
  0x000002039150b0d0: 1648 bff8 | 6910 e903 | 0200 0080 | 8f61 0100 | 0001 e9cc 

  0x000002039150b0e4: ;   {metadata('java/lang/invoke/LambdaForm')}
  0x000002039150b0e4: 0000 0048 | bb58 ff08 | a803 0200 | 008b 7008 | 49ba 0000 | 00a8 0302 | 0000 4903 | f248 3bde 
  0x000002039150b104: 0f85 8d00 

  0x000002039150b108: ;   {metadata(method data for {method} {0x00000203a83f43b0} 'cachedLambdaForm' '(I)Ljava/lang/invoke/LambdaForm;' in 'java/lang/invoke/MethodTypeForm')}
  0x000002039150b108: 0000 48bf | f869 10e9 | 0302 0000 | 8b58 0849 | ba00 0000 | a803 0200 | 0049 03da | 483b 9f78 
  0x000002039150b128: 0100 0075 | 0d48 8387 | 8001 0000 | 01e9 7900 | 0000 483b | 9f88 0100 | 0075 0d48 | 8387 9001 
  0x000002039150b148: 0000 01e9 | 6300 0000 | 4883 bf78 | 0100 0000 | 7517 4889 | 9f78 0100 | 0048 c787 | 8001 0000 
  0x000002039150b168: 0100 0000 | e942 0000 | 0048 83bf | 8801 0000 | 0075 1748 | 899f 8801 | 0000 48c7 | 8790 0100 
  0x000002039150b188: 0001 0000 | 00e9 2100 | 0000 e91c 

  0x000002039150b194: ;   {metadata(method data for {method} {0x00000203a83f43b0} 'cachedLambdaForm' '(I)Ljava/lang/invoke/LambdaForm;' in 'java/lang/invoke/MethodTypeForm')}
  0x000002039150b194: 0000 0048 | bff8 6910 | e903 0200 | 0048 83af | 6801 0000 | 01e9 2802 | 0000 e900 | 0000 0048 
  0x000002039150b1b4: ;   {metadata(method data for {method} {0x00000203a83f43b0} 'cachedLambdaForm' '(I)Ljava/lang/invoke/LambdaForm;' in 'java/lang/invoke/MethodTypeForm')}
  0x000002039150b1b4: 8bd0 48be | f869 10e9 | 0302 0000 | ff86 a001 | 0000 e90a 

  0x000002039150b1c8: ;   {oop(nullptr)}
  0x000002039150b1c8: 0000 0048 | ba00 0000 | 0000 0000 | 0048 85d2 

  0x000002039150b1d8: ;   {metadata(method data for {method} {0x00000203a8090600} 'prepare' '()V' in 'java/lang/invoke/LambdaForm')}
  0x000002039150b1d8: 48be e85d | 10e9 0302 | 0000 48c7 | c7a8 0200 | 0075 0748 | c7c7 b802 | 0000 488b | 1c3e 488d 
  0x000002039150b1f8: 5b01 4889 | 1c3e 0f85 | eb00 0000 

  0x000002039150b204: ;   {metadata(method data for {method} {0x00000203a8090600} 'prepare' '()V' in 'java/lang/invoke/LambdaForm')}
  0x000002039150b204: 48ba e85d | 10e9 0302 | 0000 ff82 | c802 0000 | 488b 4424 

  0x000002039150b218: ;   {metadata(method data for {method} {0x00000203a8090600} 'prepare' '()V' in 'java/lang/invoke/LambdaForm')}
  0x000002039150b218: 4048 bae8 | 5d10 e903 | 0200 0048 | 8382 6003 | 0000 0148 

  0x000002039150b22c: ;   {static_call}
  0x000002039150b22c: 8bd0 90e8 

  0x000002039150b230: ; ImmutableOopMap {[56]=Oop [64]=Oop }
                      ;*invokestatic createBlankForType {reexecute=0 rethrow=0 return_oop=0}
                      ; - java.lang.invoke.LambdaForm::prepare@76 (line 817)
  0x000002039150b230: 4c3e 4407 

  0x000002039150b234: ;   {other}
  0x000002039150b234: 0f1f 8400 | 2407 0003 

  0x000002039150b23c: ;   {metadata(method data for {method} {0x00000203a8090600} 'prepare' '()V' in 'java/lang/invoke/LambdaForm')}
  0x000002039150b23c: 48ba e85d | 10e9 0302 | 0000 4883 | 8270 0300 | 0001 488b | 5424 4048 | 8944 2448 | 0f1f 8000 
  0x000002039150b25c: ;   {static_call}
  0x000002039150b25c: 0000 00e8 

  0x000002039150b260: ; ImmutableOopMap {[56]=Oop [64]=Oop [72]=Oop }
                      ;*invokestatic generateLambdaFormInterpreterEntryPoint {reexecute=0 rethrow=0 return_oop=0}
                      ; - java.lang.invoke.LambdaForm::prepare@82 (line 818)
  0x000002039150b260: 1c3e 4407 

  0x000002039150b264: ;   {other}
  0x000002039150b264: 0f1f 8400 | 5407 0004 | 450f be47 | 4045 85c0 | 4c8b 4c24 | 480f 8560 | 0100 004c | 8bd0 49c1 
  0x000002039150b284: ea03 4589 | 5128 4d8b | c14c 33c0 | 49c1 e815 | 4983 f800 | 0f85 6601 | 0000 488b 

  0x000002039150b2a0: ;   {metadata(method data for {method} {0x00000203a8090600} 'prepare' '()V' in 'java/lang/invoke/LambdaForm')}
  0x000002039150b2a0: 4424 4049 | b8e8 5d10 | e903 0200 | 0049 8380 | 8003 0000 | 0148 8b44 | 2440 8b50 | 1448 c1e2 
  0x000002039150b2c0: 0348 3b02 

  0x000002039150b2c4: ;   {metadata(method data for {method} {0x00000203a8090600} 'prepare' '()V' in 'java/lang/invoke/LambdaForm')}
  0x000002039150b2c4: 4c8b c248 | bee8 5d10 | e903 0200 | 0048 8386 | b803 0000 | 0141 b806 

  0x000002039150b2dc: ;   {optimized virtual_call}
  0x000002039150b2dc: 0000 00e8 

  0x000002039150b2e0: ; ImmutableOopMap {[56]=Oop }
                      ;*invokevirtual setCachedLambdaForm {reexecute=0 rethrow=0 return_oop=0}
                      ; - java.lang.invoke.LambdaForm::prepare@95 (line 819)
  0x000002039150b2e0: 9c37 4407 

  0x000002039150b2e4: ;   {other}
  0x000002039150b2e4: 0f1f 8400 | d407 0005 | 488b d048 | 8b74 2438 

  0x000002039150b2f4: ; implicit exception: dispatches to 0x000002039150b421
  0x000002039150b2f4: 8b7a 2848 | c1e7 0341 | 0fbe 5f40 | 85db 0f85 | 1e01 0000 | 4c8b d749 | c1ea 0344 | 8956 2848 
  0x000002039150b314: 8bd6 4833 | d748 c1ea | 1548 83fa | 000f 851e | 0100 0048 | 83c4 605d 

  0x000002039150b32c: ;   {poll_return}
  0x000002039150b32c: 493b a748 | 0400 000f | 8724 0100 | 00c3 4883 

  0x000002039150b33c: ;   {poll_return}
  0x000002039150b33c: c460 5d49 | 3ba7 4804 | 0000 0f87 | 2701 0000 

  0x000002039150b34c: ;   {metadata({method} {0x00000203a8090600} 'prepare' '()V' in 'java/lang/invoke/LambdaForm')}
  0x000002039150b34c: c349 baf8 | 0509 a803 | 0200 004c | 8954 2408 | 48c7 0424 | ffff ffff 

  0x000002039150b364: ;   {runtime_call counter_overflow Runtime1 stub}
  0x000002039150b364: e897 ce50 

  0x000002039150b368: ; ImmutableOopMap {rdx=Oop [56]=Oop }
                      ;*synchronization entry
                      ; - java.lang.invoke.LambdaForm::prepare@-1 (line 806)
  0x000002039150b368: 07e9 59fa 

  0x000002039150b36c: ;   {metadata({method} {0x00000203a83f54e0} 'forceInterpretation' '()Z' in 'java/lang/invoke/LambdaForm')}
  0x000002039150b36c: ffff 49ba | d854 3fa8 | 0302 0000 | 4c89 5424 | 0848 c704 | 24ff ffff 

  0x000002039150b384: ;   {runtime_call counter_overflow Runtime1 stub}
  0x000002039150b384: ffe8 76ce 

  0x000002039150b388: ; ImmutableOopMap {rdx=Oop [56]=Oop }
                      ;*synchronization entry
                      ; - java.lang.invoke.LambdaForm::forceInterpretation@-1 (line 923)
                      ; - java.lang.invoke.LambdaForm::prepare@7 (line 806)
  0x000002039150b388: 5007 e984 

  0x000002039150b38c: ;   {runtime_call throw_null_pointer_exception Runtime1 stub}
  0x000002039150b38c: faff ffe8 

  0x000002039150b390: ; ImmutableOopMap {rax=Oop [56]=Oop [64]=Oop }
                      ;*invokevirtual form {reexecute=0 rethrow=0 return_oop=0}
                      ; - java.lang.invoke.LambdaForm::prepare@38 (line 814)
  0x000002039150b390: 6c5c 5007 

  0x000002039150b394: ;   {runtime_call throw_null_pointer_exception Runtime1 stub}
  0x000002039150b394: e867 5c50 

  0x000002039150b398: ; ImmutableOopMap {rax=Oop rdx=Oop [56]=Oop [64]=Oop }
                      ;*invokevirtual cachedLambdaForm {reexecute=0 rethrow=0 return_oop=0}
                      ; - java.lang.invoke.LambdaForm::prepare@43 (line 814)
                      ;   {metadata({method} {0x00000203a83f43b0} 'cachedLambdaForm' '(I)Ljava/lang/invoke/LambdaForm;' in 'java/lang/invoke/MethodTypeForm')}
  0x000002039150b398: 0749 baa8 | 433f a803 | 0200 004c | 8954 2408 | 48c7 0424 | ffff ffff 

  0x000002039150b3b0: ;   {runtime_call counter_overflow Runtime1 stub}
  0x000002039150b3b0: e84b ce50 

  0x000002039150b3b4: ; ImmutableOopMap {rax=Oop rdx=Oop [56]=Oop [64]=Oop }
                      ;*synchronization entry
                      ; - java.lang.invoke.MethodTypeForm::cachedLambdaForm@-1 (line 131)
                      ; - java.lang.invoke.LambdaForm::prepare@43 (line 814)
  0x000002039150b3b4: 07e9 25fc 

  0x000002039150b3b8: ;   {runtime_call throw_null_pointer_exception Runtime1 stub}
  0x000002039150b3b8: ffff e841 

  0x000002039150b3bc: ; ImmutableOopMap {rax=Oop rdx=Oop [56]=Oop [64]=Oop }
                      ;*aaload {reexecute=0 rethrow=0 return_oop=0}
                      ; - java.lang.invoke.MethodTypeForm::cachedLambdaForm@5 (line 131)
                      ; - java.lang.invoke.LambdaForm::prepare@43 (line 814)
  0x000002039150b3bc: 5c50 0748 | c704 2406 | 0000 0048 | 8954 2408 

  0x000002039150b3cc: ;   {runtime_call throw_range_check_failed Runtime1 stub}
  0x000002039150b3cc: e8af 4e50 

  0x000002039150b3d0: ; ImmutableOopMap {rax=Oop rdx=Oop [56]=Oop [64]=Oop }
                      ;*aaload {reexecute=0 rethrow=0 return_oop=0}
                      ; - java.lang.invoke.MethodTypeForm::cachedLambdaForm@5 (line 131)
                      ; - java.lang.invoke.LambdaForm::prepare@43 (line 814)
                      ;   {runtime_call throw_null_pointer_exception Runtime1 stub}
  0x000002039150b3d0: 07e8 2a5c 

  0x000002039150b3d4: ; ImmutableOopMap {rdx=Oop [56]=Oop [64]=Oop }
                      ;*invokevirtual get {reexecute=0 rethrow=0 return_oop=0}
                      ; - java.lang.invoke.MethodTypeForm::cachedLambdaForm@12 (line 132)
                      ; - java.lang.invoke.LambdaForm::prepare@43 (line 814)
  0x000002039150b3d4: 5007 4889 

  0x000002039150b3d8: ;   {runtime_call throw_class_cast_exception Runtime1 stub}
  0x000002039150b3d8: 0424 e8a1 

  0x000002039150b3dc: ; ImmutableOopMap {[56]=Oop [64]=Oop }
                      ;*checkcast {reexecute=0 rethrow=0 return_oop=0}
                      ; - java.lang.invoke.MethodTypeForm::cachedLambdaForm@15 (line 132)
                      ; - java.lang.invoke.LambdaForm::prepare@43 (line 814)
  0x000002039150b3dc: 9750 0745 | 8b41 2849 | c1e0 0349 | 83f8 000f | 848e feff | ff4c 8904 

  0x000002039150b3f4: ;   {runtime_call g1_pre_barrier_slow}
  0x000002039150b3f4: 24e8 06d4 | 5007 e980 

  0x000002039150b3fc: ;   {runtime_call throw_null_pointer_exception Runtime1 stub}
  0x000002039150b3fc: feff ffe8 

  0x000002039150b400: ; ImmutableOopMap {rax=Oop r9=Oop [56]=Oop [64]=Oop }
                      ;*putfield vmentry {reexecute=1 rethrow=0 return_oop=0}
                      ; - (reexecute) java.lang.invoke.LambdaForm::prepare@85 (line 818)
  0x000002039150b400: fc5b 5007 | 4883 f800 | 0f84 90fe | ffff 4c89 

  0x000002039150b410: ;   {runtime_call g1_post_barrier_slow}
  0x000002039150b410: 0c24 e8e9 | d650 07e9 | 82fe ffff 

  0x000002039150b41c: ;   {runtime_call throw_null_pointer_exception Runtime1 stub}
  0x000002039150b41c: e8df 5b50 

  0x000002039150b420: ; ImmutableOopMap {r9=Oop rdx=Oop [56]=Oop }
                      ;*invokevirtual setCachedLambdaForm {reexecute=0 rethrow=0 return_oop=0}
                      ; - java.lang.invoke.LambdaForm::prepare@95 (line 819)
                      ;   {runtime_call throw_null_pointer_exception Runtime1 stub}
  0x000002039150b420: 07e8 da5b 

  0x000002039150b424: ; ImmutableOopMap {rsi=Oop [56]=Oop }
                      ;*getfield vmentry {reexecute=1 rethrow=0 return_oop=0}
                      ; - (reexecute) java.lang.invoke.LambdaForm::prepare@101 (line 821)
  0x000002039150b424: 5007 8b5e | 2848 c1e3 | 0348 83fb | 000f 84d1 | feff ff48 

  0x000002039150b438: ;   {runtime_call g1_pre_barrier_slow}
  0x000002039150b438: 891c 24e8 | c0d3 5007 | e9c3 feff | ff48 83ff | 000f 84d8 | feff ff48 

  0x000002039150b450: ;   {runtime_call g1_post_barrier_slow}
  0x000002039150b450: 8934 24e8 | a8d6 5007 | e9ca feff 

  0x000002039150b45c: ;   {internal_word}
  0x000002039150b45c: ff49 ba2c | b350 9103 | 0200 004d | 8997 6004 

  0x000002039150b46c: ;   {runtime_call SafepointBlob}
  0x000002039150b46c: 0000 e98d 

  0x000002039150b470: ;   {internal_word}
  0x000002039150b470: a244 0749 | ba3f b350 | 9103 0200 | 004d 8997 | 6004 0000 

  0x000002039150b484: ;   {runtime_call SafepointBlob}
  0x000002039150b484: e977 a244 

  0x000002039150b488: ;   {runtime_call throw_null_pointer_exception Runtime1 stub}
  0x000002039150b488: 07e8 725b 

  0x000002039150b48c: ; ImmutableOopMap {rax=Oop r9=Oop [56]=Oop [64]=Oop }
                      ;*putfield vmentry {reexecute=1 rethrow=0 return_oop=0}
                      ; - (reexecute) java.lang.invoke.LambdaForm::prepare@85 (line 818)
  0x000002039150b48c: 5007 498b | 87f8 0400 | 0049 c787 | f804 0000 | 0000 0000 | 49c7 8700 | 0500 0000 | 0000 0048 
  0x000002039150b4ac: 83c4 605d 

  0x000002039150b4b0: ;   {runtime_call unwind_exception Runtime1 stub}
  0x000002039150b4b0: e9cb 3e50 | 07f4 f4f4 
[Stub Code]
  0x000002039150b4b8: ;   {no_reloc}
  0x000002039150b4b8: 0f1f 4400 

  0x000002039150b4bc: ;   {static_stub}
  0x000002039150b4bc: 0048 bb48 | 0509 a803 

  0x000002039150b4c4: ;   {runtime_call I2C/C2I adapters}
  0x000002039150b4c4: 0200 00e9 | 977f 4407 

  0x000002039150b4cc: ;   {static_stub}
  0x000002039150b4cc: 9048 bb00 | 0000 0000 

  0x000002039150b4d4: ;   {runtime_call nmethod}
  0x000002039150b4d4: 0000 00e9 | fbff ffff 

  0x000002039150b4dc: ;   {static_stub}
  0x000002039150b4dc: 9048 bb00 | 0000 0000 

  0x000002039150b4e4: ;   {runtime_call nmethod}
  0x000002039150b4e4: 0000 00e9 | fbff ffff 

  0x000002039150b4ec: ;   {static_stub}
  0x000002039150b4ec: 48bb 0000 | 0000 0000 

  0x000002039150b4f4: ;   {runtime_call nmethod}
  0x000002039150b4f4: 0000 e9fb 

  0x000002039150b4f8: ;   {static_stub}
  0x000002039150b4f8: ffff ff48 | bb00 0000 | 0000 0000 

  0x000002039150b504: ;   {runtime_call nmethod}
  0x000002039150b504: 00e9 fbff 

  0x000002039150b508: ;   {static_stub}
  0x000002039150b508: ffff 48bb | 0000 0000 | 0000 0000 

  0x000002039150b514: ;   {runtime_call nmethod}
  0x000002039150b514: e9fb ffff 

  0x000002039150b518: ;   {runtime_call handle_exception_from_callee Runtime1 stub}
  0x000002039150b518: ffe8 6290 

  0x000002039150b51c: ;   {external_word}
  0x000002039150b51c: 5007 48b9 | 907f 568a | fb7f 0000 | 4883 e4f0 

  0x000002039150b52c: ;   {runtime_call}
  0x000002039150b52c: 48b8 e044 | 198a fb7f | 0000 ffd0 

  0x000002039150b538: ;   {section_word}
  0x000002039150b538: f449 ba39 | b550 9103 | 0200 0041 

  0x000002039150b544: ;   {runtime_call DeoptimizationBlob}
  0x000002039150b544: 52e9 5694 | 4407 f4f4 | f4f4 f4f4 
[/MachCode]


Compiled method (c1) 2590  782       3       java.lang.invoke.MethodHandle::<init> (37 bytes)
 total in heap  [0x000002039150a110,0x000002039150aab8] = 2472
 relocation     [0x000002039150a270,0x000002039150a318] = 168
 main code      [0x000002039150a320,0x000002039150a840] = 1312
 stub code      [0x000002039150a840,0x000002039150a8a8] = 104
 metadata       [0x000002039150a8a8,0x000002039150a8e0] = 56
 scopes data    [0x000002039150a8e0,0x000002039150a990] = 176
 scopes pcs     [0x000002039150a990,0x000002039150aa90] = 256
 dependencies   [0x000002039150aa90,0x000002039150aaa0] = 16
 nul chk table  [0x000002039150aaa0,0x000002039150aab8] = 24

[Constant Pool (empty)]

[MachCode]
[Entry Point]
  # {method} {0x00000203a84050d8} '<init>' '(Ljava/lang/invoke/MethodType;Ljava/lang/invoke/LambdaForm;)V' in 'java/lang/invoke/MethodHandle'
  # this:     rdx:rdx   = 'java/lang/invoke/MethodHandle'
  # parm0:    r8:r8     = 'java/lang/invoke/MethodType'
  # parm1:    r9:r9     = 'java/lang/invoke/LambdaForm'
  #           [sp+0x70]  (sp of caller)
  0x000002039150a320: 448b 5208 | 49bb 0000 | 00a8 0302 | 0000 4d03 | d34c 3bd0 

  0x000002039150a334: ;   {runtime_call ic_miss_stub}
  0x000002039150a334: 0f85 4644 | 4407 660f | 1f44 0000 
[Verified Entry Point]
  0x000002039150a340: 8984 2400 | 80ff ff55 | 4883 ec60 | 4181 7f20 | 0100 0000 

  0x000002039150a354: ;   {runtime_call StubRoutines (final stubs)}
  0x000002039150a354: 7405 e805 | aa42 0748 | 8954 2430 

  0x000002039150a360: ;   {metadata(method data for {method} {0x00000203a84050d8} '<init>' '(Ljava/lang/invoke/MethodType;Ljava/lang/invoke/LambdaForm;)V' in 'java/lang/invoke/MethodHandle')}
  0x000002039150a360: 48be 0859 | 10e9 0302 | 0000 8bbe | cc00 0000 | 83c7 0289 | becc 0000 | 0081 e7fe | 0700 0085 
  0x000002039150a380: ff0f 842f | 0300 0048 

  0x000002039150a388: ;   {metadata(method data for {method} {0x00000203a84050d8} '<init>' '(Ljava/lang/invoke/MethodType;Ljava/lang/invoke/LambdaForm;)V' in 'java/lang/invoke/MethodHandle')}
  0x000002039150a388: 8bf2 48bf | 0859 10e9 | 0302 0000 | 4883 8710 | 0100 0001 

  0x000002039150a39c: ;   {metadata(method data for {method} {0x00000203a8470e38} '<init>' '()V' in 'java/lang/Object')}
  0x000002039150a39c: 48be 207d | 00e9 0302 | 0000 8bbe | cc00 0000 | 83c7 0289 | becc 0000 | 0081 e7fe | ff1f 0085 
  0x000002039150a3bc: ff0f 8414 

  0x000002039150a3c0: ;   {metadata(method data for {method} {0x00000203a84050d8} '<init>' '(Ljava/lang/invoke/MethodType;Ljava/lang/invoke/LambdaForm;)V' in 'java/lang/invoke/MethodHandle')}
  0x000002039150a3c0: 0300 0048 | be08 5910 | e903 0200 | 0048 8386 | 2001 0000 

  0x000002039150a3d4: ;   {metadata(method data for {method} {0x00000203a8056538} 'requireNonNull' '(Ljava/lang/Object;)Ljava/lang/Object;' in 'java/util/Objects')}
  0x000002039150a3d4: 0148 bef8 | ef00 e903 | 0200 008b | becc 0000 | 0083 c702 | 89be cc00 | 0000 81e7 | feff 1f00 
  0x000002039150a3f4: 85ff 0f84 | fc02 0000 

  0x000002039150a3fc: ;   {metadata(method data for {method} {0x00000203a8056538} 'requireNonNull' '(Ljava/lang/Object;)Ljava/lang/Object;' in 'java/util/Objects')}
  0x000002039150a3fc: 4d85 c048 | bef8 ef00 | e903 0200 | 0048 c7c7 | 2001 0000 | 7407 48c7 | c710 0100 | 0048 8b1c 
  0x000002039150a41c: 3e48 8d5b | 0148 891c | 3e0f 84eb | 0100 0041 | 0fbe 7740 | 85f6 0f85 | e102 0000 | 4d8b d049 
  0x000002039150a43c: c1ea 0344 | 8952 1048 | 8bf2 4933 | f048 c1ee | 1548 83fe | 000f 85e1 

  0x000002039150a454: ;   {metadata(method data for {method} {0x00000203a84050d8} '<init>' '(Ljava/lang/invoke/MethodType;Ljava/lang/invoke/LambdaForm;)V' in 'java/lang/invoke/MethodHandle')}
  0x000002039150a454: 0200 0048 | be08 5910 | e903 0200 | 0048 8386 | 6801 0000 

  0x000002039150a468: ;   {metadata(method data for {method} {0x00000203a8056538} 'requireNonNull' '(Ljava/lang/Object;)Ljava/lang/Object;' in 'java/util/Objects')}
  0x000002039150a468: 0148 bef8 | ef00 e903 | 0200 008b | becc 0000 | 0083 c702 | 89be cc00 | 0000 81e7 | feff 1f00 
  0x000002039150a488: 85ff 0f84 | c002 0000 

  0x000002039150a490: ;   {metadata(method data for {method} {0x00000203a8056538} 'requireNonNull' '(Ljava/lang/Object;)Ljava/lang/Object;' in 'java/util/Objects')}
  0x000002039150a490: 4d85 c948 | bef8 ef00 | e903 0200 | 0048 c7c7 | 2001 0000 | 7407 48c7 | c710 0100 | 0048 8b1c 
  0x000002039150a4b0: 3e48 8d5b | 0148 891c | 3e0f 84c0 | 0000 0049 | 3b01 498b 

  0x000002039150a4c4: ;   {metadata(method data for {method} {0x00000203a84050d8} '<init>' '(Ljava/lang/invoke/MethodType;Ljava/lang/invoke/LambdaForm;)V' in 'java/lang/invoke/MethodHandle')}
  0x000002039150a4c4: f148 bf08 | 5910 e903 

  0x000002039150a4cc: ;   {metadata('java/lang/invoke/LambdaForm')}
  0x000002039150a4cc: 0200 0049 | ba58 ff08 | a803 0200 | 004c 8997 | c001 0000 | 4883 87c8 | 0100 0001 | 498b d10f 
  0x000002039150a4ec: ;   {optimized virtual_call}
  0x000002039150a4ec: 1f40 00e8 

  0x000002039150a4f0: ; ImmutableOopMap {[48]=Oop }
                      ;*invokevirtual uncustomize {reexecute=0 rethrow=0 return_oop=0}
                      ; - java.lang.invoke.MethodHandle::<init>@23 (line 480)
  0x000002039150a4f0: 0c1b 0200 

  0x000002039150a4f4: ;   {other}
  0x000002039150a4f4: 0f1f 8400 | e403 0000 | 410f be57 | 4085 d248 | 8b54 2430 | 0f85 6802 | 0000 4c8b | d049 c1ea 
  0x000002039150a514: 0344 8952 | 1448 8bf2 | 4833 f048 | c1ee 1548 | 83fe 000f | 8568 0200 | 0048 3b00 

  0x000002039150a530: ;   {metadata(method data for {method} {0x00000203a84050d8} '<init>' '(Ljava/lang/invoke/MethodType;Ljava/lang/invoke/LambdaForm;)V' in 'java/lang/invoke/MethodHandle')}
  0x000002039150a530: 488b d048 | be08 5910 | e903 0200 

  0x000002039150a53c: ;   {metadata('java/lang/invoke/LambdaForm')}
  0x000002039150a53c: 0049 ba58 | ff08 a803 | 0200 004c | 8996 f801 | 0000 4883 | 8600 0200 | 0001 488b | d066 0f1f 
  0x000002039150a55c: ;   {optimized virtual_call}
  0x000002039150a55c: 4400 00e8 

  0x000002039150a560: ; ImmutableOopMap {}
                      ;*invokevirtual prepare {reexecute=0 rethrow=0 return_oop=0}
                      ; - java.lang.invoke.MethodHandle::<init>@33 (line 482)
  0x000002039150a560: 1c08 0000 

  0x000002039150a564: ;   {other}
  0x000002039150a564: 0f1f 8400 | 5404 0001 | 4883 c460 

  0x000002039150a570: ;   {poll_return}
  0x000002039150a570: 5d49 3ba7 | 4804 0000 | 0f87 3402 | 0000 c390 

  0x000002039150a580: ;   {no_reloc}
  0x000002039150a580: e952 0200 | 0000 0000 | 0000 498b | 87b8 0100 | 0048 8d78 | 3049 3bbf | c801 0000 | 0f87 3f02 
  0x000002039150a5a0: 0000 4989 | bfb8 0100 | 0048 c700 | 0100 0000 | 488b ca49 | ba00 0000 | a803 0200 | 0049 2bca 
  0x000002039150a5c0: 8948 0848 | 33c9 8948 | 0c48 33c9 | 4889 4810 | 4889 4818 | 4889 4820 | 4889 4828 

  0x000002039150a5dc: ;   {metadata(method data for {method} {0x00000203a8056538} 'requireNonNull' '(Ljava/lang/Object;)Ljava/lang/Object;' in 'java/util/Objects')}
  0x000002039150a5dc: 488b d048 | bef8 ef00 | e903 0200 | 0048 8386 | 3001 0000 | 0148 8bd0 | 4889 4424 | 3866 0f1f 
  0x000002039150a5fc: ;   {optimized virtual_call}
  0x000002039150a5fc: 4400 00e8 

  0x000002039150a600: ; ImmutableOopMap {[48]=Oop [56]=Oop }
                      ;*invokespecial <init> {reexecute=0 rethrow=0 return_oop=0}
                      ; - java.util.Objects::requireNonNull@8 (line 233)
                      ; - java.lang.invoke.MethodHandle::<init>@17 (line 480)
  0x000002039150a600: 7c44 4407 

  0x000002039150a604: ;   {other}
  0x000002039150a604: 0f1f 8400 | f404 0002 | 488b 4424 | 38e9 1b02 | 0000 4c89 | 4c24 480f | 1f44 0000 

  0x000002039150a620: ;   {no_reloc}
  0x000002039150a620: e9d8 0100 | 0000 0000 | 0000 498b | 87b8 0100 | 0048 8d78 | 3049 3bbf | c801 0000 | 0f87 c501 
  0x000002039150a640: 0000 4989 | bfb8 0100 | 0048 c700 | 0100 0000 | 488b ca49 | ba00 0000 | a803 0200 | 0049 2bca 
  0x000002039150a660: 8948 0848 | 33c9 8948 | 0c48 33c9 | 4889 4810 | 4889 4818 | 4889 4820 | 4889 4828 

  0x000002039150a67c: ;   {metadata(method data for {method} {0x00000203a8056538} 'requireNonNull' '(Ljava/lang/Object;)Ljava/lang/Object;' in 'java/util/Objects')}
  0x000002039150a67c: 488b d048 | bef8 ef00 | e903 0200 | 0048 8386 | 3001 0000 | 0148 8bd0 | 4889 4424 | 4066 0f1f 
  0x000002039150a69c: ;   {optimized virtual_call}
  0x000002039150a69c: 4400 00e8 

  0x000002039150a6a0: ; ImmutableOopMap {[48]=Oop [64]=Oop [72]=Oop }
                      ;*invokespecial <init> {reexecute=0 rethrow=0 return_oop=0}
                      ; - java.util.Objects::requireNonNull@8 (line 233)
                      ; - java.lang.invoke.MethodHandle::<init>@6 (line 479)
  0x000002039150a6a0: dc43 4407 

  0x000002039150a6a4: ;   {other}
  0x000002039150a6a4: 0f1f 8400 | 9405 0003 | 488b 4424 | 40e9 7b01 

  0x000002039150a6b4: ;   {metadata({method} {0x00000203a84050d8} '<init>' '(Ljava/lang/invoke/MethodType;Ljava/lang/invoke/LambdaForm;)V' in 'java/lang/invoke/MethodHandle')}
  0x000002039150a6b4: 0000 49ba | d050 40a8 | 0302 0000 | 4c89 5424 | 0848 c704 | 24ff ffff 

  0x000002039150a6cc: ;   {runtime_call counter_overflow Runtime1 stub}
  0x000002039150a6cc: ffe8 2edb 

  0x000002039150a6d0: ; ImmutableOopMap {rdx=Oop r8=Oop r9=Oop [48]=Oop }
                      ;*synchronization entry
                      ; - java.lang.invoke.MethodHandle::<init>@-1 (line 478)
  0x000002039150a6d0: 5007 e9b0 

  0x000002039150a6d4: ;   {metadata({method} {0x00000203a8470e38} '<init>' '()V' in 'java/lang/Object')}
  0x000002039150a6d4: fcff ff49 | ba30 0e47 | a803 0200 | 004c 8954 | 2408 48c7 | 0424 ffff 

  0x000002039150a6ec: ;   {runtime_call counter_overflow Runtime1 stub}
  0x000002039150a6ec: ffff e80d 

  0x000002039150a6f0: ; ImmutableOopMap {rdx=Oop r8=Oop r9=Oop [48]=Oop }
                      ;*synchronization entry
                      ; - java.lang.Object::<init>@-1 (line 45)
                      ; - java.lang.invoke.MethodHandle::<init>@1 (line 478)
  0x000002039150a6f0: db50 07e9 | cbfc ffff 

  0x000002039150a6f8: ;   {metadata({method} {0x00000203a8056538} 'requireNonNull' '(Ljava/lang/Object;)Ljava/lang/Object;' in 'java/util/Objects')}
  0x000002039150a6f8: 49ba 3065 | 05a8 0302 | 0000 4c89 | 5424 0848 | c704 24ff 

  0x000002039150a70c: ;   {runtime_call counter_overflow Runtime1 stub}
  0x000002039150a70c: ffff ffe8 

  0x000002039150a710: ; ImmutableOopMap {rdx=Oop r8=Oop r9=Oop [48]=Oop }
                      ;*synchronization entry
                      ; - java.util.Objects::requireNonNull@-1 (line 232)
                      ; - java.lang.invoke.MethodHandle::<init>@6 (line 479)
  0x000002039150a710: ecda 5007 | e9e3 fcff | ff8b 7210 | 48c1 e603 | 4883 fe00 | 0f84 0efd | ffff 4889 

  0x000002039150a72c: ;   {runtime_call g1_pre_barrier_slow}
  0x000002039150a72c: 3424 e8cd | e050 07e9 | 00fd ffff | 4983 f800 | 0f84 15fd | ffff 4889 

  0x000002039150a744: ;   {runtime_call g1_post_barrier_slow}
  0x000002039150a744: 1424 e8b5 | e350 07e9 | 07fd ffff 

  0x000002039150a750: ;   {metadata({method} {0x00000203a8056538} 'requireNonNull' '(Ljava/lang/Object;)Ljava/lang/Object;' in 'java/util/Objects')}
  0x000002039150a750: 49ba 3065 | 05a8 0302 | 0000 4c89 | 5424 0848 | c704 24ff 

  0x000002039150a764: ;   {runtime_call counter_overflow Runtime1 stub}
  0x000002039150a764: ffff ffe8 

  0x000002039150a768: ; ImmutableOopMap {rdx=Oop r9=Oop [48]=Oop }
                      ;*synchronization entry
                      ; - java.util.Objects::requireNonNull@-1 (line 232)
                      ; - java.lang.invoke.MethodHandle::<init>@17 (line 480)
  0x000002039150a768: 94da 5007 | e91f fdff 

  0x000002039150a770: ;   {runtime_call throw_null_pointer_exception Runtime1 stub}
  0x000002039150a770: ffe8 8a68 

  0x000002039150a774: ; ImmutableOopMap {r9=Oop [48]=Oop }
                      ;*invokevirtual uncustomize {reexecute=0 rethrow=0 return_oop=0}
                      ; - java.lang.invoke.MethodHandle::<init>@23 (line 480)
  0x000002039150a774: 5007 8b72 | 1448 c1e6 | 0348 83fe | 000f 8487 | fdff ff48 

  0x000002039150a788: ;   {runtime_call g1_pre_barrier_slow}
  0x000002039150a788: 8934 24e8 | 70e0 5007 | e979 fdff | ff48 83f8 | 000f 848e | fdff ff48 

  0x000002039150a7a0: ;   {runtime_call g1_post_barrier_slow}
  0x000002039150a7a0: 8914 24e8 | 58e3 5007 | e980 fdff 

  0x000002039150a7ac: ;   {runtime_call throw_null_pointer_exception Runtime1 stub}
  0x000002039150a7ac: ffe8 4e68 

  0x000002039150a7b0: ; ImmutableOopMap {rax=Oop }
                      ;*invokevirtual prepare {reexecute=0 rethrow=0 return_oop=0}
                      ; - java.lang.invoke.MethodHandle::<init>@33 (line 482)
                      ;   {internal_word}
  0x000002039150a7b0: 5007 49ba | 71a5 5091 | 0302 0000 | 4d89 9760 

  0x000002039150a7c0: ;   {runtime_call SafepointBlob}
  0x000002039150a7c0: 0400 00e9 | 38af 4407 

  0x000002039150a7c8: ;   {metadata(nullptr)}
  0x000002039150a7c8: 48ba 0000 | 0000 0000 | 0000 b800 

  0x000002039150a7d4: ;   {runtime_call load_klass_patching Runtime1 stub}
  0x000002039150a7d4: 0f05 0ae8 

  0x000002039150a7d8: ; ImmutableOopMap {[48]=Oop }
                      ;*new {reexecute=1 rethrow=0 return_oop=0}
                      ; - (reexecute) java.util.Objects::requireNonNull@4 (line 233)
                      ; - java.lang.invoke.MethodHandle::<init>@17 (line 480)
  0x000002039150a7d8: a4c4 5007 | e99f fdff | ff48 8bd2 

  0x000002039150a7e4: ;   {runtime_call fast_new_instance Runtime1 stub}
  0x000002039150a7e4: e897 7550 

  0x000002039150a7e8: ; ImmutableOopMap {[48]=Oop }
                      ;*new {reexecute=0 rethrow=0 return_oop=0}
                      ; - java.util.Objects::requireNonNull@4 (line 233)
                      ; - java.lang.invoke.MethodHandle::<init>@17 (line 480)
  0x000002039150a7e8: 07e9 eefd 

  0x000002039150a7ec: ;   {metadata(nullptr)}
  0x000002039150a7ec: ffff 48ba | 0000 0000 | 0000 0000 | b800 0f05 

  0x000002039150a7fc: ;   {runtime_call load_klass_patching Runtime1 stub}
  0x000002039150a7fc: 0ae8 7ec4 

  0x000002039150a800: ; ImmutableOopMap {[48]=Oop [72]=Oop }
                      ;*new {reexecute=1 rethrow=0 return_oop=0}
                      ; - (reexecute) java.util.Objects::requireNonNull@4 (line 233)
                      ; - java.lang.invoke.MethodHandle::<init>@6 (line 479)
  0x000002039150a800: 5007 e919 | feff ff48 

  0x000002039150a808: ;   {runtime_call fast_new_instance Runtime1 stub}
  0x000002039150a808: 8bd2 e871 

  0x000002039150a80c: ; ImmutableOopMap {[48]=Oop [72]=Oop }
                      ;*new {reexecute=0 rethrow=0 return_oop=0}
                      ; - java.util.Objects::requireNonNull@4 (line 233)
                      ; - java.lang.invoke.MethodHandle::<init>@6 (line 479)
  0x000002039150a80c: 7550 07e9 | 68fe ffff | 498b 87f8 | 0400 0049 | c787 f804 | 0000 0000 | 0000 49c7 | 8700 0500 
  0x000002039150a82c: 0000 0000 | 0048 83c4 

  0x000002039150a834: ;   {runtime_call unwind_exception Runtime1 stub}
  0x000002039150a834: 605d e945 | 4b50 07f4 | f4f4 f4f4 
[Stub Code]
  0x000002039150a840: ;   {no_reloc}
  0x000002039150a840: 0f1f 4400 

  0x000002039150a844: ;   {static_stub}
  0x000002039150a844: 0048 bba0 | 0509 a803 

  0x000002039150a84c: ;   {runtime_call I2C/C2I adapters}
  0x000002039150a84c: 0200 00e9 | 0f8c 4407 

  0x000002039150a854: ;   {static_stub}
  0x000002039150a854: 9048 bb00 | 0000 0000 

  0x000002039150a85c: ;   {runtime_call nmethod}
  0x000002039150a85c: 0000 00e9 | fbff ffff 

  0x000002039150a864: ;   {static_stub}
  0x000002039150a864: 48bb 0000 | 0000 0000 

  0x000002039150a86c: ;   {runtime_call nmethod}
  0x000002039150a86c: 0000 e9fb 

  0x000002039150a870: ;   {runtime_call handle_exception_from_callee Runtime1 stub}
  0x000002039150a870: ffff ffe8 | 089d 5007 

  0x000002039150a878: ;   {external_word}
  0x000002039150a878: 48b9 907f | 568a fb7f | 0000 4883 

  0x000002039150a884: ;   {runtime_call}
  0x000002039150a884: e4f0 48b8 | e044 198a | fb7f 0000 

  0x000002039150a890: ;   {section_word}
  0x000002039150a890: ffd0 f449 | ba93 a850 | 9103 0200 

  0x000002039150a89c: ;   {runtime_call DeoptimizationBlob}
  0x000002039150a89c: 0041 52e9 | fca0 4407 | f4f4 f4f4 
[/MachCode]


---------------  P R O C E S S  ---------------

Threads class SMR info:
_java_thread_list=0x00000203ed35af10, length=13, elements={
0x000002038da2aa70, 0x00000203a7ae4810, 0x00000203a7ae5520, 0x00000203a7ae9460,
0x00000203a7ae9eb0, 0x00000203a7aea900, 0x00000203a7aedb10, 0x00000203a7afa8c0,
0x00000203a7aeec80, 0x00000203a7c39600, 0x00000203a7c38250, 0x00000203a7c388e0,
0x00000203a7c38f70
}

Java Threads: ( => current thread )
  0x000002038da2aa70 JavaThread "main"                              [_thread_blocked, id=152216, stack(0x0000005fd1600000,0x0000005fd1700000) (1024K)]
  0x00000203a7ae4810 JavaThread "Reference Handler"          daemon [_thread_blocked, id=142088, stack(0x0000005fd1e00000,0x0000005fd1f00000) (1024K)]
  0x00000203a7ae5520 JavaThread "Finalizer"                  daemon [_thread_blocked, id=106420, stack(0x0000005fd1f00000,0x0000005fd2000000) (1024K)]
  0x00000203a7ae9460 JavaThread "Signal Dispatcher"          daemon [_thread_blocked, id=153156, stack(0x0000005fd2000000,0x0000005fd2100000) (1024K)]
  0x00000203a7ae9eb0 JavaThread "Attach Listener"            daemon [_thread_blocked, id=153484, stack(0x0000005fd2100000,0x0000005fd2200000) (1024K)]
  0x00000203a7aea900 JavaThread "Service Thread"             daemon [_thread_blocked, id=9668, stack(0x0000005fd2200000,0x0000005fd2300000) (1024K)]
  0x00000203a7aedb10 JavaThread "Monitor Deflation Thread"   daemon [_thread_blocked, id=151672, stack(0x0000005fd2300000,0x0000005fd2400000) (1024K)]
  0x00000203a7afa8c0 JavaThread "C2 CompilerThread0"         daemon [_thread_blocked, id=152692, stack(0x0000005fd2400000,0x0000005fd2500000) (1024K)]
  0x00000203a7aeec80 JavaThread "C1 CompilerThread0"         daemon [_thread_blocked, id=147492, stack(0x0000005fd2500000,0x0000005fd2600000) (1024K)]
  0x00000203a7c39600 JavaThread "Notification Thread"        daemon [_thread_blocked, id=20144, stack(0x0000005fd2600000,0x0000005fd2700000) (1024K)]
  0x00000203a7c38250 JavaThread "Common-Cleaner"             daemon [_thread_blocked, id=145080, stack(0x0000005fd2700000,0x0000005fd2800000) (1024K)]
  0x00000203a7c388e0 JavaThread "Thread-0"                          [_thread_blocked, id=153124, stack(0x0000005fd2800000,0x0000005fd2900000) (1024K)]
=>0x00000203a7c38f70 JavaThread "restartedMain"                     [_thread_in_vm, id=152780, stack(0x0000005fd2900000,0x0000005fd2a00000) (1024K)]
Total: 13

Other Threads:
  0x00000203a7acca70 VMThread "VM Thread"                           [id=149520, stack(0x0000005fd1d00000,0x0000005fd1e00000) (1024K)]
  0x00000203a7abc800 WatcherThread "VM Periodic Task Thread"        [id=151204, stack(0x0000005fd1c00000,0x0000005fd1d00000) (1024K)]
  0x000002038da8b410 WorkerThread "GC Thread#0"                     [id=150184, stack(0x0000005fd1700000,0x0000005fd1800000) (1024K)]
  0x00000203ed4eb630 WorkerThread "GC Thread#1"                     [id=149388, stack(0x0000005fd2a00000,0x0000005fd2b00000) (1024K)]
  0x00000203ed80e0d0 WorkerThread "GC Thread#2"                     [id=28404, stack(0x0000005fd2b00000,0x0000005fd2c00000) (1024K)]
  0x00000203ed80e470 WorkerThread "GC Thread#3"                     [id=84288, stack(0x0000005fd2c00000,0x0000005fd2d00000) (1024K)]
  0x00000203ed80e810 WorkerThread "GC Thread#4"                     [id=149096, stack(0x0000005fd2d00000,0x0000005fd2e00000) (1024K)]
  0x00000203ed80ebb0 WorkerThread "GC Thread#5"                     [id=143124, stack(0x0000005fd2e00000,0x0000005fd2f00000) (1024K)]
  0x000002038da9a950 ConcurrentGCThread "G1 Main Marker"            [id=152604, stack(0x0000005fd1800000,0x0000005fd1900000) (1024K)]
  0x000002038da9b260 WorkerThread "G1 Conc#0"                       [id=62684, stack(0x0000005fd1900000,0x0000005fd1a00000) (1024K)]
  0x00000203a798c8c0 ConcurrentGCThread "G1 Refine#0"               [id=50452, stack(0x0000005fd1a00000,0x0000005fd1b00000) (1024K)]
  0x00000203a798ce50 ConcurrentGCThread "G1 Service"                [id=142380, stack(0x0000005fd1b00000,0x0000005fd1c00000) (1024K)]
Total: 12

Threads with active compile tasks:
Total: 0

VM state: not at safepoint (normal execution)

VM Mutex/Monitor currently owned by a thread:  ([mutex/lock_event])
[0x00007ffb8a81c308] Metaspace_lock - owner thread: 0x00000203a7c38f70

Heap address: 0x0000000722000000, size: 3552 MB, Compressed Oops mode: Zero based, Oop shift amount: 3

CDS archive(s) mapped at: [0x00000203a8000000-0x00000203a8c80000-0x00000203a8c80000), size 13107200, SharedBaseAddress: 0x00000203a8000000, ArchiveRelocationMode: 1.
Compressed class space mapped at: 0x00000203a9000000-0x00000203e9000000, reserved size: 1073741824
Narrow klass base: 0x00000203a8000000, Narrow klass shift: 0, Narrow klass range: 0x100000000

GC Precious Log:
 CardTable entry size: 512
 Card Set container configuration: InlinePtr #cards 4 size 8 Array Of Cards #cards 16 size 48 Howl #buckets 8 coarsen threshold 3686 Howl Bitmap #cards 512 size 80 coarsen threshold 460 Card regions per heap region 1 cards per card region 4096
 CPUs: 12 total, 12 available
 Memory: 14205M
 Large Page Support: Disabled
 NUMA Support: Disabled
 Compressed Oops: Enabled (Zero based)
 Heap Region Size: 2M
 Heap Min Capacity: 8M
 Heap Initial Capacity: 222M
 Heap Max Capacity: 3552M
 Pre-touch: Disabled
 Parallel Workers: 10
 Concurrent Workers: 3
 Concurrent Refinement Workers: 10
 Periodic GC: Disabled

Heap:
 garbage-first heap   total 227328K, used 15298K [0x0000000722000000, 0x0000000800000000)
  region size 2048K, 7 young (14336K), 2 survivors (4096K)
 Metaspace       used 6841K, committed 7104K, reserved 1114112K
  class space    used 802K, committed 960K, reserved 1048576K

Heap Regions: E=young(eden), S=young(survivor), O=old, HS=humongous(starts), HC=humongous(continues), CS=collection set, F=free, TAMS=top-at-mark-start, PB=parsable bottom
|   0|0x0000000722000000, 0x0000000722200000, 0x0000000722200000|100%| O|  |TAMS 0x0000000722000000| PB 0x0000000722000000| Untracked 
|   1|0x0000000722200000, 0x00000007222f0a48, 0x0000000722400000| 47%| O|  |TAMS 0x0000000722200000| PB 0x0000000722200000| Untracked 
|   2|0x0000000722400000, 0x0000000722400000, 0x0000000722600000|  0%| F|  |TAMS 0x0000000722400000| PB 0x0000000722400000| Untracked 
|   3|0x0000000722600000, 0x0000000722600000, 0x0000000722800000|  0%| F|  |TAMS 0x0000000722600000| PB 0x0000000722600000| Untracked 
|   4|0x0000000722800000, 0x0000000722800000, 0x0000000722a00000|  0%| F|  |TAMS 0x0000000722800000| PB 0x0000000722800000| Untracked 
|   5|0x0000000722a00000, 0x0000000722a00000, 0x0000000722c00000|  0%| F|  |TAMS 0x0000000722a00000| PB 0x0000000722a00000| Untracked 
|   6|0x0000000722c00000, 0x0000000722c00000, 0x0000000722e00000|  0%| F|  |TAMS 0x0000000722c00000| PB 0x0000000722c00000| Untracked 
|   7|0x0000000722e00000, 0x0000000722e00000, 0x0000000723000000|  0%| F|  |TAMS 0x0000000722e00000| PB 0x0000000722e00000| Untracked 
|   8|0x0000000723000000, 0x0000000723000000, 0x0000000723200000|  0%| F|  |TAMS 0x0000000723000000| PB 0x0000000723000000| Untracked 
|   9|0x0000000723200000, 0x0000000723200000, 0x0000000723400000|  0%| F|  |TAMS 0x0000000723200000| PB 0x0000000723200000| Untracked 
|  10|0x0000000723400000, 0x0000000723400000, 0x0000000723600000|  0%| F|  |TAMS 0x0000000723400000| PB 0x0000000723400000| Untracked 
|  11|0x0000000723600000, 0x0000000723600000, 0x0000000723800000|  0%| F|  |TAMS 0x0000000723600000| PB 0x0000000723600000| Untracked 
|  12|0x0000000723800000, 0x0000000723800000, 0x0000000723a00000|  0%| F|  |TAMS 0x0000000723800000| PB 0x0000000723800000| Untracked 
|  13|0x0000000723a00000, 0x0000000723a00000, 0x0000000723c00000|  0%| F|  |TAMS 0x0000000723a00000| PB 0x0000000723a00000| Untracked 
|  14|0x0000000723c00000, 0x0000000723c00000, 0x0000000723e00000|  0%| F|  |TAMS 0x0000000723c00000| PB 0x0000000723c00000| Untracked 
|  15|0x0000000723e00000, 0x0000000723e00000, 0x0000000724000000|  0%| F|  |TAMS 0x0000000723e00000| PB 0x0000000723e00000| Untracked 
|  16|0x0000000724000000, 0x0000000724000000, 0x0000000724200000|  0%| F|  |TAMS 0x0000000724000000| PB 0x0000000724000000| Untracked 
|  17|0x0000000724200000, 0x0000000724200000, 0x0000000724400000|  0%| F|  |TAMS 0x0000000724200000| PB 0x0000000724200000| Untracked 
|  18|0x0000000724400000, 0x0000000724400000, 0x0000000724600000|  0%| F|  |TAMS 0x0000000724400000| PB 0x0000000724400000| Untracked 
|  19|0x0000000724600000, 0x0000000724600000, 0x0000000724800000|  0%| F|  |TAMS 0x0000000724600000| PB 0x0000000724600000| Untracked 
|  20|0x0000000724800000, 0x0000000724800000, 0x0000000724a00000|  0%| F|  |TAMS 0x0000000724800000| PB 0x0000000724800000| Untracked 
|  21|0x0000000724a00000, 0x0000000724a00000, 0x0000000724c00000|  0%| F|  |TAMS 0x0000000724a00000| PB 0x0000000724a00000| Untracked 
|  22|0x0000000724c00000, 0x0000000724c00000, 0x0000000724e00000|  0%| F|  |TAMS 0x0000000724c00000| PB 0x0000000724c00000| Untracked 
|  23|0x0000000724e00000, 0x0000000724e00000, 0x0000000725000000|  0%| F|  |TAMS 0x0000000724e00000| PB 0x0000000724e00000| Untracked 
|  24|0x0000000725000000, 0x0000000725000000, 0x0000000725200000|  0%| F|  |TAMS 0x0000000725000000| PB 0x0000000725000000| Untracked 
|  25|0x0000000725200000, 0x0000000725200000, 0x0000000725400000|  0%| F|  |TAMS 0x0000000725200000| PB 0x0000000725200000| Untracked 
|  26|0x0000000725400000, 0x0000000725400000, 0x0000000725600000|  0%| F|  |TAMS 0x0000000725400000| PB 0x0000000725400000| Untracked 
|  27|0x0000000725600000, 0x0000000725600000, 0x0000000725800000|  0%| F|  |TAMS 0x0000000725600000| PB 0x0000000725600000| Untracked 
|  28|0x0000000725800000, 0x0000000725800000, 0x0000000725a00000|  0%| F|  |TAMS 0x0000000725800000| PB 0x0000000725800000| Untracked 
|  29|0x0000000725a00000, 0x0000000725a00000, 0x0000000725c00000|  0%| F|  |TAMS 0x0000000725a00000| PB 0x0000000725a00000| Untracked 
|  30|0x0000000725c00000, 0x0000000725c00000, 0x0000000725e00000|  0%| F|  |TAMS 0x0000000725c00000| PB 0x0000000725c00000| Untracked 
|  31|0x0000000725e00000, 0x0000000725e00000, 0x0000000726000000|  0%| F|  |TAMS 0x0000000725e00000| PB 0x0000000725e00000| Untracked 
|  32|0x0000000726000000, 0x0000000726000000, 0x0000000726200000|  0%| F|  |TAMS 0x0000000726000000| PB 0x0000000726000000| Untracked 
|  33|0x0000000726200000, 0x0000000726200000, 0x0000000726400000|  0%| F|  |TAMS 0x0000000726200000| PB 0x0000000726200000| Untracked 
|  34|0x0000000726400000, 0x0000000726400000, 0x0000000726600000|  0%| F|  |TAMS 0x0000000726400000| PB 0x0000000726400000| Untracked 
|  35|0x0000000726600000, 0x0000000726600000, 0x0000000726800000|  0%| F|  |TAMS 0x0000000726600000| PB 0x0000000726600000| Untracked 
|  36|0x0000000726800000, 0x0000000726800000, 0x0000000726a00000|  0%| F|  |TAMS 0x0000000726800000| PB 0x0000000726800000| Untracked 
|  37|0x0000000726a00000, 0x0000000726a00000, 0x0000000726c00000|  0%| F|  |TAMS 0x0000000726a00000| PB 0x0000000726a00000| Untracked 
|  38|0x0000000726c00000, 0x0000000726c00000, 0x0000000726e00000|  0%| F|  |TAMS 0x0000000726c00000| PB 0x0000000726c00000| Untracked 
|  39|0x0000000726e00000, 0x0000000726e00000, 0x0000000727000000|  0%| F|  |TAMS 0x0000000726e00000| PB 0x0000000726e00000| Untracked 
|  40|0x0000000727000000, 0x0000000727000000, 0x0000000727200000|  0%| F|  |TAMS 0x0000000727000000| PB 0x0000000727000000| Untracked 
|  41|0x0000000727200000, 0x0000000727200000, 0x0000000727400000|  0%| F|  |TAMS 0x0000000727200000| PB 0x0000000727200000| Untracked 
|  42|0x0000000727400000, 0x0000000727400000, 0x0000000727600000|  0%| F|  |TAMS 0x0000000727400000| PB 0x0000000727400000| Untracked 
|  43|0x0000000727600000, 0x0000000727600000, 0x0000000727800000|  0%| F|  |TAMS 0x0000000727600000| PB 0x0000000727600000| Untracked 
|  44|0x0000000727800000, 0x0000000727800000, 0x0000000727a00000|  0%| F|  |TAMS 0x0000000727800000| PB 0x0000000727800000| Untracked 
|  45|0x0000000727a00000, 0x0000000727a00000, 0x0000000727c00000|  0%| F|  |TAMS 0x0000000727a00000| PB 0x0000000727a00000| Untracked 
|  46|0x0000000727c00000, 0x0000000727c00000, 0x0000000727e00000|  0%| F|  |TAMS 0x0000000727c00000| PB 0x0000000727c00000| Untracked 
|  47|0x0000000727e00000, 0x0000000727e00000, 0x0000000728000000|  0%| F|  |TAMS 0x0000000727e00000| PB 0x0000000727e00000| Untracked 
|  48|0x0000000728000000, 0x0000000728000000, 0x0000000728200000|  0%| F|  |TAMS 0x0000000728000000| PB 0x0000000728000000| Untracked 
|  49|0x0000000728200000, 0x0000000728200000, 0x0000000728400000|  0%| F|  |TAMS 0x0000000728200000| PB 0x0000000728200000| Untracked 
|  50|0x0000000728400000, 0x0000000728400000, 0x0000000728600000|  0%| F|  |TAMS 0x0000000728400000| PB 0x0000000728400000| Untracked 
|  51|0x0000000728600000, 0x0000000728600000, 0x0000000728800000|  0%| F|  |TAMS 0x0000000728600000| PB 0x0000000728600000| Untracked 
|  52|0x0000000728800000, 0x0000000728800000, 0x0000000728a00000|  0%| F|  |TAMS 0x0000000728800000| PB 0x0000000728800000| Untracked 
|  53|0x0000000728a00000, 0x0000000728a00000, 0x0000000728c00000|  0%| F|  |TAMS 0x0000000728a00000| PB 0x0000000728a00000| Untracked 
|  54|0x0000000728c00000, 0x0000000728c00000, 0x0000000728e00000|  0%| F|  |TAMS 0x0000000728c00000| PB 0x0000000728c00000| Untracked 
|  55|0x0000000728e00000, 0x0000000728e00000, 0x0000000729000000|  0%| F|  |TAMS 0x0000000728e00000| PB 0x0000000728e00000| Untracked 
|  56|0x0000000729000000, 0x0000000729000000, 0x0000000729200000|  0%| F|  |TAMS 0x0000000729000000| PB 0x0000000729000000| Untracked 
|  57|0x0000000729200000, 0x0000000729200000, 0x0000000729400000|  0%| F|  |TAMS 0x0000000729200000| PB 0x0000000729200000| Untracked 
|  58|0x0000000729400000, 0x0000000729400000, 0x0000000729600000|  0%| F|  |TAMS 0x0000000729400000| PB 0x0000000729400000| Untracked 
|  59|0x0000000729600000, 0x0000000729600000, 0x0000000729800000|  0%| F|  |TAMS 0x0000000729600000| PB 0x0000000729600000| Untracked 
|  60|0x0000000729800000, 0x0000000729800000, 0x0000000729a00000|  0%| F|  |TAMS 0x0000000729800000| PB 0x0000000729800000| Untracked 
|  61|0x0000000729a00000, 0x0000000729a00000, 0x0000000729c00000|  0%| F|  |TAMS 0x0000000729a00000| PB 0x0000000729a00000| Untracked 
|  62|0x0000000729c00000, 0x0000000729c00000, 0x0000000729e00000|  0%| F|  |TAMS 0x0000000729c00000| PB 0x0000000729c00000| Untracked 
|  63|0x0000000729e00000, 0x0000000729e00000, 0x000000072a000000|  0%| F|  |TAMS 0x0000000729e00000| PB 0x0000000729e00000| Untracked 
|  64|0x000000072a000000, 0x000000072a000000, 0x000000072a200000|  0%| F|  |TAMS 0x000000072a000000| PB 0x000000072a000000| Untracked 
|  65|0x000000072a200000, 0x000000072a200000, 0x000000072a400000|  0%| F|  |TAMS 0x000000072a200000| PB 0x000000072a200000| Untracked 
|  66|0x000000072a400000, 0x000000072a400000, 0x000000072a600000|  0%| F|  |TAMS 0x000000072a400000| PB 0x000000072a400000| Untracked 
|  67|0x000000072a600000, 0x000000072a600000, 0x000000072a800000|  0%| F|  |TAMS 0x000000072a600000| PB 0x000000072a600000| Untracked 
|  68|0x000000072a800000, 0x000000072a800000, 0x000000072aa00000|  0%| F|  |TAMS 0x000000072a800000| PB 0x000000072a800000| Untracked 
|  69|0x000000072aa00000, 0x000000072aa00000, 0x000000072ac00000|  0%| F|  |TAMS 0x000000072aa00000| PB 0x000000072aa00000| Untracked 
|  70|0x000000072ac00000, 0x000000072ac00000, 0x000000072ae00000|  0%| F|  |TAMS 0x000000072ac00000| PB 0x000000072ac00000| Untracked 
|  71|0x000000072ae00000, 0x000000072ae00000, 0x000000072b000000|  0%| F|  |TAMS 0x000000072ae00000| PB 0x000000072ae00000| Untracked 
|  72|0x000000072b000000, 0x000000072b000000, 0x000000072b200000|  0%| F|  |TAMS 0x000000072b000000| PB 0x000000072b000000| Untracked 
|  73|0x000000072b200000, 0x000000072b200000, 0x000000072b400000|  0%| F|  |TAMS 0x000000072b200000| PB 0x000000072b200000| Untracked 
|  74|0x000000072b400000, 0x000000072b400000, 0x000000072b600000|  0%| F|  |TAMS 0x000000072b400000| PB 0x000000072b400000| Untracked 
|  75|0x000000072b600000, 0x000000072b600000, 0x000000072b800000|  0%| F|  |TAMS 0x000000072b600000| PB 0x000000072b600000| Untracked 
|  76|0x000000072b800000, 0x000000072b800000, 0x000000072ba00000|  0%| F|  |TAMS 0x000000072b800000| PB 0x000000072b800000| Untracked 
|  77|0x000000072ba00000, 0x000000072ba00000, 0x000000072bc00000|  0%| F|  |TAMS 0x000000072ba00000| PB 0x000000072ba00000| Untracked 
|  78|0x000000072bc00000, 0x000000072bc00000, 0x000000072be00000|  0%| F|  |TAMS 0x000000072bc00000| PB 0x000000072bc00000| Untracked 
|  79|0x000000072be00000, 0x000000072be00000, 0x000000072c000000|  0%| F|  |TAMS 0x000000072be00000| PB 0x000000072be00000| Untracked 
|  80|0x000000072c000000, 0x000000072c000000, 0x000000072c200000|  0%| F|  |TAMS 0x000000072c000000| PB 0x000000072c000000| Untracked 
|  81|0x000000072c200000, 0x000000072c200000, 0x000000072c400000|  0%| F|  |TAMS 0x000000072c200000| PB 0x000000072c200000| Untracked 
|  82|0x000000072c400000, 0x000000072c400000, 0x000000072c600000|  0%| F|  |TAMS 0x000000072c400000| PB 0x000000072c400000| Untracked 
|  83|0x000000072c600000, 0x000000072c600000, 0x000000072c800000|  0%| F|  |TAMS 0x000000072c600000| PB 0x000000072c600000| Untracked 
|  84|0x000000072c800000, 0x000000072c800000, 0x000000072ca00000|  0%| F|  |TAMS 0x000000072c800000| PB 0x000000072c800000| Untracked 
|  85|0x000000072ca00000, 0x000000072ca00000, 0x000000072cc00000|  0%| F|  |TAMS 0x000000072ca00000| PB 0x000000072ca00000| Untracked 
|  86|0x000000072cc00000, 0x000000072cc00000, 0x000000072ce00000|  0%| F|  |TAMS 0x000000072cc00000| PB 0x000000072cc00000| Untracked 
|  87|0x000000072ce00000, 0x000000072ce00000, 0x000000072d000000|  0%| F|  |TAMS 0x000000072ce00000| PB 0x000000072ce00000| Untracked 
|  88|0x000000072d000000, 0x000000072d000000, 0x000000072d200000|  0%| F|  |TAMS 0x000000072d000000| PB 0x000000072d000000| Untracked 
|  89|0x000000072d200000, 0x000000072d200000, 0x000000072d400000|  0%| F|  |TAMS 0x000000072d200000| PB 0x000000072d200000| Untracked 
|  90|0x000000072d400000, 0x000000072d400000, 0x000000072d600000|  0%| F|  |TAMS 0x000000072d400000| PB 0x000000072d400000| Untracked 
|  91|0x000000072d600000, 0x000000072d600000, 0x000000072d800000|  0%| F|  |TAMS 0x000000072d600000| PB 0x000000072d600000| Untracked 
|  92|0x000000072d800000, 0x000000072d800000, 0x000000072da00000|  0%| F|  |TAMS 0x000000072d800000| PB 0x000000072d800000| Untracked 
|  93|0x000000072da00000, 0x000000072da00000, 0x000000072dc00000|  0%| F|  |TAMS 0x000000072da00000| PB 0x000000072da00000| Untracked 
|  94|0x000000072dc00000, 0x000000072dc00000, 0x000000072de00000|  0%| F|  |TAMS 0x000000072dc00000| PB 0x000000072dc00000| Untracked 
|  95|0x000000072de00000, 0x000000072de00000, 0x000000072e000000|  0%| F|  |TAMS 0x000000072de00000| PB 0x000000072de00000| Untracked 
|  96|0x000000072e000000, 0x000000072e000000, 0x000000072e200000|  0%| F|  |TAMS 0x000000072e000000| PB 0x000000072e000000| Untracked 
|  97|0x000000072e200000, 0x000000072e200000, 0x000000072e400000|  0%| F|  |TAMS 0x000000072e200000| PB 0x000000072e200000| Untracked 
|  98|0x000000072e400000, 0x000000072e600000, 0x000000072e600000|100%| S|CS|TAMS 0x000000072e400000| PB 0x000000072e400000| Complete 
|  99|0x000000072e600000, 0x000000072e800000, 0x000000072e800000|100%| S|CS|TAMS 0x000000072e600000| PB 0x000000072e600000| Complete 
| 100|0x000000072e800000, 0x000000072e800000, 0x000000072ea00000|  0%| F|  |TAMS 0x000000072e800000| PB 0x000000072e800000| Untracked 
| 101|0x000000072ea00000, 0x000000072ea00000, 0x000000072ec00000|  0%| F|  |TAMS 0x000000072ea00000| PB 0x000000072ea00000| Untracked 
| 102|0x000000072ec00000, 0x000000072ec00000, 0x000000072ee00000|  0%| F|  |TAMS 0x000000072ec00000| PB 0x000000072ec00000| Untracked 
| 103|0x000000072ee00000, 0x000000072ee00000, 0x000000072f000000|  0%| F|  |TAMS 0x000000072ee00000| PB 0x000000072ee00000| Untracked 
| 104|0x000000072f000000, 0x000000072f000000, 0x000000072f200000|  0%| F|  |TAMS 0x000000072f000000| PB 0x000000072f000000| Untracked 
| 105|0x000000072f200000, 0x000000072f200000, 0x000000072f400000|  0%| F|  |TAMS 0x000000072f200000| PB 0x000000072f200000| Untracked 
| 106|0x000000072f400000, 0x000000072f556e10, 0x000000072f600000| 66%| E|  |TAMS 0x000000072f400000| PB 0x000000072f400000| Complete 
| 107|0x000000072f600000, 0x000000072f800000, 0x000000072f800000|100%| E|CS|TAMS 0x000000072f600000| PB 0x000000072f600000| Complete 
| 108|0x000000072f800000, 0x000000072fa00000, 0x000000072fa00000|100%| E|CS|TAMS 0x000000072f800000| PB 0x000000072f800000| Complete 
| 109|0x000000072fa00000, 0x000000072fc00000, 0x000000072fc00000|100%| E|CS|TAMS 0x000000072fa00000| PB 0x000000072fa00000| Complete 
| 110|0x000000072fc00000, 0x000000072fe00000, 0x000000072fe00000|100%| E|CS|TAMS 0x000000072fc00000| PB 0x000000072fc00000| Complete 

Card table byte_map: [0x00000203a1010000,0x00000203a1700000] _byte_map_base: 0x000002039d700000

Marking Bits: (CMBitMap*) 0x000002038da8b920
 Bits: [0x00000203a1700000, 0x00000203a4e80000)

Polling page: 0x000002038ba10000

Metaspace:

Usage:
  Non-class:      5.90 MB used.
      Class:    802.02 KB used.
       Both:      6.68 MB used.

Virtual space:
  Non-class space:       64.00 MB reserved,       6.00 MB (  9%) committed,  1 nodes.
      Class space:        1.00 GB reserved,     960.00 KB ( <1%) committed,  1 nodes.
             Both:        1.06 GB reserved,       6.94 MB ( <1%) committed. 

Chunk freelists:
   Non-Class:  8.69 MB
       Class:  15.04 MB
        Both:  23.73 MB

MaxMetaspaceSize: unlimited
CompressedClassSpaceSize: 1.00 GB
Initial GC threshold: 21.00 MB
Current GC threshold: 21.00 MB
CDS: on
 - commit_granule_bytes: 65536.
 - commit_granule_words: 8192.
 - virtual_space_node_default_size: 8388608.
 - enlarge_chunks_in_place: 1.
 - use_allocation_guard: 0.


Internal statistics:

num_allocs_failed_limit: 0.
num_arena_births: 176.
num_arena_deaths: 0.
num_vsnodes_births: 2.
num_vsnodes_deaths: 0.
num_space_committed: 111.
num_space_uncommitted: 0.
num_chunks_returned_to_freelist: 0.
num_chunks_taken_from_freelist: 425.
num_chunk_merges: 0.
num_chunk_splits: 233.
num_chunks_enlarged: 128.
num_inconsistent_stats: 0.

CodeHeap 'non-profiled nmethods': size=120000Kb used=463Kb max_used=463Kb free=119537Kb
 bounds [0x0000020398ea0000, 0x0000020399110000, 0x00000203a03d0000]
CodeHeap 'profiled nmethods': size=120000Kb used=2366Kb max_used=2366Kb free=117633Kb
 bounds [0x00000203913d0000, 0x0000020391640000, 0x0000020398900000]
CodeHeap 'non-nmethods': size=5760Kb used=1359Kb max_used=1376Kb free=4400Kb
 bounds [0x0000020398900000, 0x0000020398b70000, 0x0000020398ea0000]
 total_blobs=1791 nmethods=1328 adapters=368
 compilation: enabled
              stopped_count=0, restarted_count=0
 full_count=0

Compilation events (20 events):
Event: 2.488 Thread 0x00000203a7afa8c0 nmethod 1300 0x0000020398f0fb10 code [0x0000020398f0fd80, 0x0000020398f10bb8]
Event: 2.488 Thread 0x00000203a7afa8c0 1302       4       jdk.internal.org.objectweb.asm.SymbolTable$Entry::<init> (17 bytes)
Event: 2.489 Thread 0x00000203a7afa8c0 nmethod 1302 0x0000020398f11690 code [0x0000020398f11820, 0x0000020398f11a68]
Event: 2.489 Thread 0x00000203a7afa8c0 1310       4       java.util.Objects::equals (23 bytes)
Event: 2.490 Thread 0x00000203a7afa8c0 nmethod 1310 0x0000020398f11e10 code [0x0000020398f11fa0, 0x0000020398f12048]
Event: 2.491 Thread 0x00000203a7aeec80 1312       3       java.util.Objects::hash (5 bytes)
Event: 2.491 Thread 0x00000203a7aeec80 nmethod 1312 0x0000020391619810 code [0x00000203916199c0, 0x0000020391619ad8]
Event: 2.494 Thread 0x00000203a7aeec80 1314       3       java.lang.invoke.MemberName::<init> (139 bytes)
Event: 2.494 Thread 0x00000203a7aeec80 nmethod 1314 0x0000020391619b90 code [0x0000020391619ec0, 0x000002039161b018]
Event: 2.494 Thread 0x00000203a7aeec80 1315       3       java.lang.invoke.MemberName::hashCode (43 bytes)
Event: 2.495 Thread 0x00000203a7aeec80 nmethod 1315 0x000002039161b590 code [0x000002039161b7e0, 0x000002039161c450]
Event: 2.495 Thread 0x00000203a7aeec80 1316       3       java.lang.Byte::<init> (10 bytes)
Event: 2.495 Thread 0x00000203a7aeec80 nmethod 1316 0x000002039161c790 code [0x000002039161c940, 0x000002039161cb08]
Event: 2.497 Thread 0x00000203a7aeec80 1322       3       java.util.regex.Pattern::next (33 bytes)
Event: 2.497 Thread 0x00000203a7aeec80 nmethod 1322 0x000002039161cc10 code [0x000002039161cdc0, 0x000002039161d020]
Event: 2.497 Thread 0x00000203a7aeec80 1324       3       java.lang.invoke.LambdaForm::returnType (26 bytes)
Event: 2.497 Thread 0x00000203a7aeec80 nmethod 1324 0x000002039161d190 code [0x000002039161d340, 0x000002039161d4f0]
Event: 2.497 Thread 0x00000203a7aeec80 1327       3       java.lang.invoke.LambdaForm$Name::replaceNames (175 bytes)
Event: 2.498 Thread 0x00000203a7aeec80 nmethod 1327 0x000002039161d610 code [0x000002039161d860, 0x000002039161e410]
Event: 2.498 Thread 0x00000203a7aeec80 1328       3       java.lang.invoke.InvokerBytecodeGenerator::emitReferenceCast (188 bytes)

GC Heap History (2 events):
Event: 2.096 GC heap before
{Heap before GC invocations=0 (full 0):
 garbage-first heap   total 227328K, used 22528K [0x0000000722000000, 0x0000000800000000)
  region size 2048K, 11 young (22528K), 0 survivors (0K)
 Metaspace       used 4210K, committed 4416K, reserved 1114112K
  class space    used 474K, committed 576K, reserved 1048576K
}
Event: 2.101 GC heap after
{Heap after GC invocations=1 (full 0):
 garbage-first heap   total 227328K, used 7106K [0x0000000722000000, 0x0000000800000000)
  region size 2048K, 2 young (4096K), 2 survivors (4096K)
 Metaspace       used 4210K, committed 4416K, reserved 1114112K
  class space    used 474K, committed 576K, reserved 1048576K
}

Dll operation events (8 events):
Event: 0.005 Loaded shared library C:\Users\PC\.p2\pool\plugins\org.eclipse.justj.openjdk.hotspot.jre.full.win32.x86_64_21.0.7.v20250502-0916\jre\bin\java.dll
Event: 0.037 Loaded shared library C:\Users\PC\.p2\pool\plugins\org.eclipse.justj.openjdk.hotspot.jre.full.win32.x86_64_21.0.7.v20250502-0916\jre\bin\zip.dll
Event: 0.151 Loaded shared library C:\Users\PC\.p2\pool\plugins\org.eclipse.justj.openjdk.hotspot.jre.full.win32.x86_64_21.0.7.v20250502-0916\jre\bin\net.dll
Event: 0.152 Loaded shared library C:\Users\PC\.p2\pool\plugins\org.eclipse.justj.openjdk.hotspot.jre.full.win32.x86_64_21.0.7.v20250502-0916\jre\bin\nio.dll
Event: 0.156 Loaded shared library C:\Users\PC\.p2\pool\plugins\org.eclipse.justj.openjdk.hotspot.jre.full.win32.x86_64_21.0.7.v20250502-0916\jre\bin\zip.dll
Event: 1.613 Loaded shared library C:\Users\PC\.p2\pool\plugins\org.eclipse.justj.openjdk.hotspot.jre.full.win32.x86_64_21.0.7.v20250502-0916\jre\bin\jimage.dll
Event: 1.982 Loaded shared library C:\Users\PC\.p2\pool\plugins\org.eclipse.justj.openjdk.hotspot.jre.full.win32.x86_64_21.0.7.v20250502-0916\jre\bin\management.dll
Event: 1.990 Loaded shared library C:\Users\PC\.p2\pool\plugins\org.eclipse.justj.openjdk.hotspot.jre.full.win32.x86_64_21.0.7.v20250502-0916\jre\bin\management_ext.dll

Deoptimization events (20 events):
Event: 2.172 Thread 0x00000203a7c38f70 DEOPT PACKING pc=0x0000020398ef2618 sp=0x0000005fd29fe450
Event: 2.172 Thread 0x00000203a7c38f70 DEOPT UNPACKING pc=0x00000203989546a2 sp=0x0000005fd29fe3b0 mode 2
Event: 2.200 Thread 0x00000203a7c38f70 DEOPT PACKING pc=0x000002039144f0c5 sp=0x0000005fd29fdd40
Event: 2.201 Thread 0x00000203a7c38f70 DEOPT UNPACKING pc=0x0000020398954e42 sp=0x0000005fd29fd248 mode 0
Event: 2.422 Thread 0x00000203a7c38f70 Uncommon trap: trap_request=0xffffffde fr.pc=0x0000020398f082b8 relative=0x0000000000000818
Event: 2.422 Thread 0x00000203a7c38f70 Uncommon trap: reason=class_check action=maybe_recompile pc=0x0000020398f082b8 method=java.util.HashMap.putVal(ILjava/lang/Object;Ljava/lang/Object;ZZ)Ljava/lang/Object; @ 91 c2
Event: 2.422 Thread 0x00000203a7c38f70 DEOPT PACKING pc=0x0000020398f082b8 sp=0x0000005fd29fe0d0
Event: 2.422 Thread 0x00000203a7c38f70 DEOPT UNPACKING pc=0x00000203989546a2 sp=0x0000005fd29fe060 mode 2
Event: 2.424 Thread 0x00000203a7c38f70 Uncommon trap: trap_request=0xffffffde fr.pc=0x0000020398f082b8 relative=0x0000000000000818
Event: 2.424 Thread 0x00000203a7c38f70 Uncommon trap: reason=class_check action=maybe_recompile pc=0x0000020398f082b8 method=java.util.HashMap.putVal(ILjava/lang/Object;Ljava/lang/Object;ZZ)Ljava/lang/Object; @ 91 c2
Event: 2.424 Thread 0x00000203a7c38f70 DEOPT PACKING pc=0x0000020398f082b8 sp=0x0000005fd29fe0d0
Event: 2.424 Thread 0x00000203a7c38f70 DEOPT UNPACKING pc=0x00000203989546a2 sp=0x0000005fd29fe060 mode 2
Event: 2.424 Thread 0x00000203a7c38f70 Uncommon trap: trap_request=0xffffffde fr.pc=0x0000020398f082b8 relative=0x0000000000000818
Event: 2.424 Thread 0x00000203a7c38f70 Uncommon trap: reason=class_check action=maybe_recompile pc=0x0000020398f082b8 method=java.util.HashMap.putVal(ILjava/lang/Object;Ljava/lang/Object;ZZ)Ljava/lang/Object; @ 91 c2
Event: 2.424 Thread 0x00000203a7c38f70 DEOPT PACKING pc=0x0000020398f082b8 sp=0x0000005fd29fe0d0
Event: 2.425 Thread 0x00000203a7c38f70 DEOPT UNPACKING pc=0x00000203989546a2 sp=0x0000005fd29fe060 mode 2
Event: 2.425 Thread 0x00000203a7c38f70 Uncommon trap: trap_request=0xffffffde fr.pc=0x0000020398f082b8 relative=0x0000000000000818
Event: 2.425 Thread 0x00000203a7c38f70 Uncommon trap: reason=class_check action=maybe_recompile pc=0x0000020398f082b8 method=java.util.HashMap.putVal(ILjava/lang/Object;Ljava/lang/Object;ZZ)Ljava/lang/Object; @ 91 c2
Event: 2.425 Thread 0x00000203a7c38f70 DEOPT PACKING pc=0x0000020398f082b8 sp=0x0000005fd29fe0d0
Event: 2.425 Thread 0x00000203a7c38f70 DEOPT UNPACKING pc=0x00000203989546a2 sp=0x0000005fd29fe060 mode 2

Classes loaded (20 events):
Event: 2.445 Loading class java/util/function/IntPredicate
Event: 2.445 Loading class java/util/function/IntPredicate done
Event: 2.446 Loading class java/util/stream/MatchOps$MatchKind
Event: 2.446 Loading class java/util/stream/MatchOps$MatchKind done
Event: 2.447 Loading class java/util/stream/MatchOps
Event: 2.447 Loading class java/util/stream/MatchOps done
Event: 2.447 Loading class java/util/stream/MatchOps$MatchOp
Event: 2.447 Loading class java/util/stream/MatchOps$MatchOp done
Event: 2.447 Loading class java/util/stream/MatchOps$BooleanTerminalSink
Event: 2.447 Loading class java/util/stream/MatchOps$BooleanTerminalSink done
Event: 2.447 Loading class java/util/stream/MatchOps$2MatchSink
Event: 2.447 Loading class java/util/stream/Sink$OfInt
Event: 2.447 Loading class java/util/stream/Sink$OfInt done
Event: 2.447 Loading class java/util/stream/MatchOps$2MatchSink done
Event: 2.463 Loading class java/beans/PropertyEditorSupport
Event: 2.463 Loading class java/beans/PropertyEditor
Event: 2.463 Loading class java/beans/PropertyEditor done
Event: 2.463 Loading class java/beans/PropertyEditorSupport done
Event: 2.475 Loading class java/lang/invoke/MethodHandle$1
Event: 2.475 Loading class java/lang/invoke/MethodHandle$1 done

Classes unloaded (0 events):
No events

Classes redefined (0 events):
No events

Internal exceptions (20 events):
Event: 1.950 Thread 0x000002038da2aa70 Exception <a 'java/lang/NoSuchMethodError'{0x000000072ecb0e00}: 'void java.lang.invoke.DirectMethodHandle$Holder.invokeStatic(java.lang.Object, java.lang.Object, java.lang.Object)'> (0x000000072ecb0e00) 
thrown [s\src\hotspot\share\interpreter\linkResolver.cpp, line 773]
Event: 1.953 Thread 0x000002038da2aa70 Exception <a 'java/lang/NoSuchMethodError'{0x000000072ecc5bd8}: 'java.lang.Object java.lang.invoke.DirectMethodHandle$Holder.invokeSpecialIFC(java.lang.Object, java.lang.Object, java.lang.Object, java.lang.Object)'> (0x000000072ecc5bd8) 
thrown [s\src\hotspot\share\interpreter\linkResolver.cpp, line 773]
Event: 1.956 Thread 0x000002038da2aa70 Exception <a 'java/lang/NoSuchMethodError'{0x000000072ece5fc8}: 'java.lang.Object java.lang.invoke.DirectMethodHandle$Holder.invokeInterface(java.lang.Object, java.lang.Object, java.lang.Object)'> (0x000000072ece5fc8) 
thrown [s\src\hotspot\share\interpreter\linkResolver.cpp, line 773]
Event: 2.001 Thread 0x000002038da2aa70 Exception <a 'java/lang/NoSuchMethodError'{0x000000072ea10f10}: 'int java.lang.invoke.DirectMethodHandle$Holder.invokeSpecial(java.lang.Object, java.lang.Object, java.lang.Object)'> (0x000000072ea10f10) 
thrown [s\src\hotspot\share\interpreter\linkResolver.cpp, line 773]
Event: 2.081 Thread 0x00000203a7c38f70 Exception <a 'java/lang/NoSuchMethodError'{0x000000072e9cad98}: 'void java.lang.invoke.DirectMethodHandle$Holder.invokeStatic(java.lang.Object, java.lang.Object)'> (0x000000072e9cad98) 
thrown [s\src\hotspot\share\interpreter\linkResolver.cpp, line 773]
Event: 2.082 Thread 0x00000203a7c38f70 Exception <a 'java/lang/NoSuchMethodError'{0x000000072e9ce5c0}: 'void java.lang.invoke.DirectMethodHandle$Holder.invokeSpecial(java.lang.Object, java.lang.Object, java.lang.Object)'> (0x000000072e9ce5c0) 
thrown [s\src\hotspot\share\interpreter\linkResolver.cpp, line 773]
Event: 2.128 Thread 0x00000203a7c38f70 Exception <a 'java/lang/NoSuchMethodError'{0x000000072fd34038}: 'int java.lang.invoke.DirectMethodHandle$Holder.invokeStaticInit(java.lang.Object, java.lang.Object, java.lang.Object)'> (0x000000072fd34038) 
thrown [s\src\hotspot\share\interpreter\linkResolver.cpp, line 773]
Event: 2.148 Thread 0x00000203a7c38f70 Exception <a 'java/lang/NoSuchMethodError'{0x000000072fd8e8e8}: 'java.lang.Object java.lang.invoke.DirectMethodHandle$Holder.newInvokeSpecial(java.lang.Object, java.lang.Object, java.lang.Object, java.lang.Object, java.lang.Object)'> (0x000000072fd8e8e8) 
thrown [s\src\hotspot\share\interpreter\linkResolver.cpp, line 773]
Event: 2.163 Thread 0x00000203a7c38f70 Exception <a 'java/lang/NoSuchMethodError'{0x000000072fddfa58}: 'java.lang.Object java.lang.invoke.DirectMethodHandle$Holder.invokeStaticInit(java.lang.Object, java.lang.Object, java.lang.Object)'> (0x000000072fddfa58) 
thrown [s\src\hotspot\share\interpreter\linkResolver.cpp, line 773]
Event: 2.181 Thread 0x00000203a7c38f70 Exception <a 'java/lang/IncompatibleClassChangeError'{0x000000072fa60810}: Found class java.lang.Object, but interface was expected> (0x000000072fa60810) 
thrown [s\src\hotspot\share\interpreter\linkResolver.cpp, line 840]
Event: 2.233 Thread 0x00000203a7c38f70 Exception <a 'sun/nio/fs/WindowsException'{0x000000072fb03e78}> (0x000000072fb03e78) 
thrown [s\src\hotspot\share\prims\jni.cpp, line 520]
Event: 2.309 Thread 0x00000203a7c38f70 Exception <a 'java/lang/NoSuchMethodError'{0x000000072f87f828}: 'java.lang.Object java.lang.invoke.Invokers$Holder.invokeExact_MT(java.lang.Object, java.lang.Object, java.lang.Object, java.lang.Object, java.lang.Object, java.lang.Object)'> (0x000000072f87f828) 
thrown [s\src\hotspot\share\interpreter\linkResolver.cpp, line 773]
Event: 2.376 Thread 0x00000203a7c38f70 Exception <a 'java/lang/NoSuchMethodError'{0x000000072f9ec9d8}: 'java.lang.Object java.lang.invoke.DirectMethodHandle$Holder.invokeStatic(java.lang.Object, long, java.lang.Object)'> (0x000000072f9ec9d8) 
thrown [s\src\hotspot\share\interpreter\linkResolver.cpp, line 773]
Event: 2.377 Thread 0x00000203a7c38f70 Exception <a 'java/lang/NoSuchMethodError'{0x000000072f9f0070}: 'java.lang.Object java.lang.invoke.DirectMethodHandle$Holder.invokeStaticInit(java.lang.Object, long, java.lang.Object)'> (0x000000072f9f0070) 
thrown [s\src\hotspot\share\interpreter\linkResolver.cpp, line 773]
Event: 2.377 Thread 0x00000203a7c38f70 Exception <a 'java/lang/NoSuchMethodError'{0x000000072f9f5958}: 'java.lang.Object java.lang.invoke.DirectMethodHandle$Holder.newInvokeSpecial(java.lang.Object, long)'> (0x000000072f9f5958) 
thrown [s\src\hotspot\share\interpreter\linkResolver.cpp, line 773]
Event: 2.415 Thread 0x00000203a7c38f70 Exception <a 'java/lang/NoSuchMethodError'{0x000000072f6e78c8}: 'void java.lang.invoke.DirectMethodHandle$Holder.invokeStaticInit(java.lang.Object)'> (0x000000072f6e78c8) 
thrown [s\src\hotspot\share\interpreter\linkResolver.cpp, line 773]
Event: 2.479 Thread 0x00000203a7c38f70 Exception <a 'java/lang/NoSuchMethodError'{0x000000072f495778}: 'java.lang.Object java.lang.invoke.DirectMethodHandle$Holder.newInvokeSpecial(java.lang.Object, java.lang.Object, java.lang.Object, java.lang.Object, java.lang.Object, java.lang.Object, java.lang.Object)'> (0x000000072f495778) 
thrown [s\src\hotspot\share\interpreter\linkResolver.cpp, line 773]
Event: 2.482 Thread 0x00000203a7c38f70 Exception <a 'java/lang/NoSuchMethodError'{0x000000072f4ac0e8}: 'void java.lang.invoke.DirectMethodHandle$Holder.invokeStaticInit(java.lang.Object, java.lang.Object)'> (0x000000072f4ac0e8) 
thrown [s\src\hotspot\share\interpreter\linkResolver.cpp, line 773]
Event: 2.489 Thread 0x00000203a7c38f70 Exception <a 'java/lang/NoSuchMethodError'{0x000000072f4cf400}: 'void java.lang.invoke.DirectMethodHandle$Holder.invokeInterface(java.lang.Object, java.lang.Object)'> (0x000000072f4cf400) 
thrown [s\src\hotspot\share\interpreter\linkResolver.cpp, line 773]
Event: 2.494 Thread 0x00000203a7c38f70 Exception <a 'java/lang/NoSuchMethodError'{0x000000072f4fc620}: 'int java.lang.invoke.DirectMethodHandle$Holder.invokeStatic(java.lang.Object, java.lang.Object, java.lang.Object, java.lang.Object)'> (0x000000072f4fc620) 
thrown [s\src\hotspot\share\interpreter\linkResolver.cpp, line 773]

ZGC Phase Switch (0 events):
No events

VM Operations (18 events):
Event: 0.164 Executing VM operation: HandshakeAllThreads (Deoptimize)
Event: 0.164 Executing VM operation: HandshakeAllThreads (Deoptimize) done
Event: 1.163 Executing VM operation: Cleanup
Event: 1.164 Executing VM operation: Cleanup done
Event: 1.549 Executing VM operation: HandshakeAllThreads (Deoptimize)
Event: 1.549 Executing VM operation: HandshakeAllThreads (Deoptimize) done
Event: 1.627 Executing VM operation: HandshakeAllThreads (Deoptimize)
Event: 1.627 Executing VM operation: HandshakeAllThreads (Deoptimize) done
Event: 1.941 Executing VM operation: HandshakeAllThreads (Deoptimize)
Event: 1.941 Executing VM operation: HandshakeAllThreads (Deoptimize) done
Event: 1.941 Executing VM operation: HandshakeAllThreads (Deoptimize)
Event: 1.941 Executing VM operation: HandshakeAllThreads (Deoptimize) done
Event: 1.975 Executing VM operation: HandshakeAllThreads (Deoptimize)
Event: 1.975 Executing VM operation: HandshakeAllThreads (Deoptimize) done
Event: 2.096 Executing VM operation: G1CollectForAllocation (G1 Evacuation Pause)
Event: 2.101 Executing VM operation: G1CollectForAllocation (G1 Evacuation Pause) done
Event: 2.234 Executing VM operation: HandshakeAllThreads (Deoptimize)
Event: 2.234 Executing VM operation: HandshakeAllThreads (Deoptimize) done

Memory protections (0 events):
No events

Nmethod flushes (0 events):
No events

Events (15 events):
Event: 0.017 Thread 0x000002038da2aa70 Thread added: 0x000002038da2aa70
Event: 0.038 Thread 0x000002038da2aa70 Thread added: 0x00000203a7ae4810
Event: 0.038 Thread 0x000002038da2aa70 Thread added: 0x00000203a7ae5520
Event: 0.038 Thread 0x000002038da2aa70 Thread added: 0x00000203a7ae9460
Event: 0.038 Thread 0x000002038da2aa70 Thread added: 0x00000203a7ae9eb0
Event: 0.038 Thread 0x000002038da2aa70 Thread added: 0x00000203a7aea900
Event: 0.039 Thread 0x000002038da2aa70 Thread added: 0x00000203a7aedb10
Event: 0.039 Thread 0x000002038da2aa70 Thread added: 0x00000203a7afa8c0
Event: 0.039 Thread 0x000002038da2aa70 Thread added: 0x00000203a7aeec80
Event: 0.143 Thread 0x000002038da2aa70 Thread added: 0x00000203a7c39600
Event: 0.146 Thread 0x000002038da2aa70 Thread added: 0x00000203a7c38250
Event: 0.176 Thread 0x00000203a7afa8c0 Thread added: 0x00000203a7d0d560
Event: 0.896 Thread 0x00000203a7d0d560 Thread exited: 0x00000203a7d0d560
Event: 2.066 Thread 0x000002038da2aa70 Thread added: 0x00000203a7c388e0
Event: 2.075 Thread 0x00000203a7c388e0 Thread added: 0x00000203a7c38f70


Dynamic libraries:
0x00007ff602b40000 - 0x00007ff602b4e000 	C:\Users\PC\.p2\pool\plugins\org.eclipse.justj.openjdk.hotspot.jre.full.win32.x86_64_21.0.7.v20250502-0916\jre\bin\javaw.exe
0x00007ffbea810000 - 0x00007ffbeaa08000 	C:\Windows\SYSTEM32\ntdll.dll
0x00007ffbea5d0000 - 0x00007ffbea692000 	C:\Windows\System32\KERNEL32.DLL
0x00007ffbe7ea0000 - 0x00007ffbe8196000 	C:\Windows\System32\KERNELBASE.dll
0x00007ffbe8370000 - 0x00007ffbe8470000 	C:\Windows\System32\ucrtbase.dll
0x00007ffbd5da0000 - 0x00007ffbd5dbe000 	C:\Users\PC\.p2\pool\plugins\org.eclipse.justj.openjdk.hotspot.jre.full.win32.x86_64_21.0.7.v20250502-0916\jre\bin\VCRUNTIME140.dll
0x00007ffbe0120000 - 0x00007ffbe0138000 	C:\Users\PC\.p2\pool\plugins\org.eclipse.justj.openjdk.hotspot.jre.full.win32.x86_64_21.0.7.v20250502-0916\jre\bin\jli.dll
0x00007ffbe9570000 - 0x00007ffbe9711000 	C:\Windows\System32\USER32.dll
0x00007ffbe71d0000 - 0x00007ffbe746b000 	C:\Windows\WinSxS\amd64_microsoft.windows.common-controls_6595b64144ccf1df_6.0.19041.6456_none_60b8a6cb71f64256\COMCTL32.dll
0x00007ffbe8500000 - 0x00007ffbe8522000 	C:\Windows\System32\win32u.dll
0x00007ffbea490000 - 0x00007ffbea52e000 	C:\Windows\System32\msvcrt.dll
0x00007ffbea460000 - 0x00007ffbea48b000 	C:\Windows\System32\GDI32.dll
0x00007ffbe81a0000 - 0x00007ffbe82b9000 	C:\Windows\System32\gdi32full.dll
0x00007ffbe8690000 - 0x00007ffbe872d000 	C:\Windows\System32\msvcp_win.dll
0x00007ffbea020000 - 0x00007ffbea04f000 	C:\Windows\System32\IMM32.DLL
0x00007ffbe3090000 - 0x00007ffbe309c000 	C:\Users\PC\.p2\pool\plugins\org.eclipse.justj.openjdk.hotspot.jre.full.win32.x86_64_21.0.7.v20250502-0916\jre\bin\vcruntime140_1.dll
0x00007ffbc8ad0000 - 0x00007ffbc8b5d000 	C:\Users\PC\.p2\pool\plugins\org.eclipse.justj.openjdk.hotspot.jre.full.win32.x86_64_21.0.7.v20250502-0916\jre\bin\msvcp140.dll
0x00007ffb89b70000 - 0x00007ffb8a900000 	C:\Users\PC\.p2\pool\plugins\org.eclipse.justj.openjdk.hotspot.jre.full.win32.x86_64_21.0.7.v20250502-0916\jre\bin\server\jvm.dll
0x00007ffbea130000 - 0x00007ffbea1e1000 	C:\Windows\System32\ADVAPI32.dll
0x00007ffbe8b80000 - 0x00007ffbe8c1f000 	C:\Windows\System32\sechost.dll
0x00007ffbe8a60000 - 0x00007ffbe8b80000 	C:\Windows\System32\RPCRT4.dll
0x00007ffbe8780000 - 0x00007ffbe87a7000 	C:\Windows\System32\bcrypt.dll
0x00007ffbe9720000 - 0x00007ffbe978b000 	C:\Windows\System32\WS2_32.dll
0x00007ffbde610000 - 0x00007ffbde61a000 	C:\Windows\SYSTEM32\VERSION.dll
0x00007ffbe7c50000 - 0x00007ffbe7c9b000 	C:\Windows\SYSTEM32\POWRPROF.dll
0x00007ffbdcb10000 - 0x00007ffbdcb37000 	C:\Windows\SYSTEM32\WINMM.dll
0x00007ffbe7c30000 - 0x00007ffbe7c42000 	C:\Windows\SYSTEM32\UMPDC.dll
0x00007ffbe5690000 - 0x00007ffbe56a2000 	C:\Windows\SYSTEM32\kernel.appcore.dll
0x00007ffbe4680000 - 0x00007ffbe468a000 	C:\Users\PC\.p2\pool\plugins\org.eclipse.justj.openjdk.hotspot.jre.full.win32.x86_64_21.0.7.v20250502-0916\jre\bin\jimage.dll
0x00007ffbe77e0000 - 0x00007ffbe79e1000 	C:\Windows\SYSTEM32\DBGHELP.DLL
0x00007ffbe7580000 - 0x00007ffbe75b4000 	C:\Windows\SYSTEM32\dbgcore.DLL
0x00007ffbe8470000 - 0x00007ffbe84f2000 	C:\Windows\System32\bcryptPrimitives.dll
0x00007ffbe2f00000 - 0x00007ffbe2f1f000 	C:\Users\PC\.p2\pool\plugins\org.eclipse.justj.openjdk.hotspot.jre.full.win32.x86_64_21.0.7.v20250502-0916\jre\bin\java.dll
0x00007ffbe9840000 - 0x00007ffbe9fb0000 	C:\Windows\System32\SHELL32.dll
0x00007ffbe5890000 - 0x00007ffbe6035000 	C:\Windows\SYSTEM32\windows.storage.dll
0x00007ffbe8c20000 - 0x00007ffbe8f74000 	C:\Windows\System32\combase.dll
0x00007ffbe7130000 - 0x00007ffbe715b000 	C:\Windows\SYSTEM32\Wldp.dll
0x00007ffbea330000 - 0x00007ffbea3fd000 	C:\Windows\System32\OLEAUT32.dll
0x00007ffbea1f0000 - 0x00007ffbea29d000 	C:\Windows\System32\SHCORE.dll
0x00007ffbe9fb0000 - 0x00007ffbea00b000 	C:\Windows\System32\shlwapi.dll
0x00007ffbe7dd0000 - 0x00007ffbe7df4000 	C:\Windows\SYSTEM32\profapi.dll
0x00007ffbdfd00000 - 0x00007ffbdfd18000 	C:\Users\PC\.p2\pool\plugins\org.eclipse.justj.openjdk.hotspot.jre.full.win32.x86_64_21.0.7.v20250502-0916\jre\bin\zip.dll
0x00007ffbe2ef0000 - 0x00007ffbe2f00000 	C:\Users\PC\.p2\pool\plugins\org.eclipse.justj.openjdk.hotspot.jre.full.win32.x86_64_21.0.7.v20250502-0916\jre\bin\net.dll
0x00007ffbdf820000 - 0x00007ffbdf92a000 	C:\Windows\SYSTEM32\WINHTTP.dll
0x00007ffbe6e90000 - 0x00007ffbe6efa000 	C:\Windows\system32\mswsock.dll
0x00007ffbd8fd0000 - 0x00007ffbd8fe6000 	C:\Users\PC\.p2\pool\plugins\org.eclipse.justj.openjdk.hotspot.jre.full.win32.x86_64_21.0.7.v20250502-0916\jre\bin\nio.dll
0x00007ffbe2ee0000 - 0x00007ffbe2eea000 	C:\Users\PC\.p2\pool\plugins\org.eclipse.justj.openjdk.hotspot.jre.full.win32.x86_64_21.0.7.v20250502-0916\jre\bin\management.dll
0x00007ffbe2ec0000 - 0x00007ffbe2ecb000 	C:\Users\PC\.p2\pool\plugins\org.eclipse.justj.openjdk.hotspot.jre.full.win32.x86_64_21.0.7.v20250502-0916\jre\bin\management_ext.dll
0x00007ffbea5c0000 - 0x00007ffbea5c8000 	C:\Windows\System32\PSAPI.DLL

dbghelp: loaded successfully - version: 4.0.5 - missing functions: none
symbol engine: initialized successfully - sym options: 0x614 - pdb path: .;C:\Users\PC\.p2\pool\plugins\org.eclipse.justj.openjdk.hotspot.jre.full.win32.x86_64_21.0.7.v20250502-0916\jre\bin;C:\Windows\SYSTEM32;C:\Windows\WinSxS\amd64_microsoft.windows.common-controls_6595b64144ccf1df_6.0.19041.6456_none_60b8a6cb71f64256;C:\Users\PC\.p2\pool\plugins\org.eclipse.justj.openjdk.hotspot.jre.full.win32.x86_64_21.0.7.v20250502-0916\jre\bin\server

VM Arguments:
jvm_args: -Dfile.encoding=UTF-8 -Dstdout.encoding=UTF-8 -Dstderr.encoding=UTF-8 -XX:+ShowCodeDetailsInExceptionMessages 
java_command: com.proyecto.tratamientos.TratamientosApplication
java_class_path (initial): C:\workspace\tratamientos\target\classes;C:\Users\PC\.m2\repository\org\springframework\boot\spring-boot-starter-data-jpa\3.5.6\spring-boot-starter-data-jpa-3.5.6.jar;C:\Users\PC\.m2\repository\org\springframework\boot\spring-boot-starter\3.5.6\spring-boot-starter-3.5.6.jar;C:\Users\PC\.m2\repository\org\springframework\boot\spring-boot-starter-logging\3.5.6\spring-boot-starter-logging-3.5.6.jar;C:\Users\PC\.m2\repository\ch\qos\logback\logback-classic\1.5.18\logback-classic-1.5.18.jar;C:\Users\PC\.m2\repository\ch\qos\logback\logback-core\1.5.18\logback-core-1.5.18.jar;C:\Users\PC\.m2\repository\org\apache\logging\log4j\log4j-to-slf4j\2.24.3\log4j-to-slf4j-2.24.3.jar;C:\Users\PC\.m2\repository\org\apache\logging\log4j\log4j-api\2.24.3\log4j-api-2.24.3.jar;C:\Users\PC\.m2\repository\org\slf4j\jul-to-slf4j\2.0.17\jul-to-slf4j-2.0.17.jar;C:\Users\PC\.m2\repository\org\yaml\snakeyaml\2.4\snakeyaml-2.4.jar;C:\Users\PC\.m2\repository\org\springframework\boot\spring-boot-starter-jdbc\3.5.6\spring-boot-starter-jdbc-3.5.6.jar;C:\Users\PC\.m2\repository\com\zaxxer\HikariCP\6.3.3\HikariCP-6.3.3.jar;C:\Users\PC\.m2\repository\org\springframework\spring-jdbc\6.2.11\spring-jdbc-6.2.11.jar;C:\Users\PC\.m2\repository\org\hibernate\orm\hibernate-core\6.6.29.Final\hibernate-core-6.6.29.Final.jar;C:\Users\PC\.m2\repository\jakarta\persistence\jakarta.persistence-api\3.1.0\jakarta.persistence-api-3.1.0.jar;C:\Users\PC\.m2\repository\jakarta\transaction\jakarta.transaction-api\2.0.1\jakarta.transaction-api-2.0.1.jar;C:\Users\PC\.m2\repository\org\jboss\logging\jboss-logging\3.6.1.Final\jboss-logging-3.6.1.Final.jar;C:\Users\PC\.m2\repository\org\hibernate\common\hibernate-commons-annotations\7.0.3.Final\hibernate-commons-annotations-7.0.3.Final.jar;C:\Users\PC\.m2\repository\io\smallrye\jandex\3.2.0\jandex-3.2.0.jar;C:\Users\PC\.m2\repository\com\fasterxml\classmate\1.7.0\classmate-1.7.0.jar;C:\Users\PC\.m2\repository\net\bytebuddy\byte-buddy\1.17.7\byte-buddy-1.17.7.jar;C:\Users\PC\.m2\repository\org\glassfish\jaxb\jaxb-runtime\4.0.5\jaxb-runtime-4.0.5.jar;C:\Users\PC\.m2\repository\org\glassfish\jaxb\jaxb-core\4.0.5\jaxb-core-4.0.5.jar;C:\Users\PC\.m2\repository\org\eclipse\angus\angus-activation\2.0.2\angus-activation-2.0.2.jar;C:\Users\PC\.m2\repository\org\glassfish\jaxb\txw2\4.0.5\txw2-4.0.5.jar;C:\Users\PC\.m2\repository\com\sun\istack\istack-commons-runtime\4.1.2\istack-commons-runtime-4.1.2.jar;C:\Users\PC\.m2\repository\jakarta\inject\jakarta.inject-api\2.0.1\jakarta.inject-api-2.0.1.jar;C:\Users\PC\.m2\repository\org\antlr\antlr4-runtime\4.13.0\antlr4-runtime-4.13.0.jar;C:\Users\PC\.m2\repository\org\springframework\data\spring-data-jpa\3.5.4\spring-data-jpa-3.5.4.jar;C:\Users\PC\.m2\repository\org\springframework\data\spring-data-commons\3.5.4\spring-data-commons-3.5.4.jar;C:\Users\PC\.m2\repository\org\springframework\spring-orm\6.2.11\spring-orm-6.2.11.jar;C:\Users\PC\.m2\repository\org\springframework\spring-context\6.2.11\spring-context-6.2.11.jar;C:\Users\PC\.m2\repository\org\springframework\spring-aop\6.2.11\spring-aop-6.2.11.jar;C:\Users\PC\.m2\repository\org\springframework\spring-tx\6.2.11\spring-tx-6.2.11.jar;C:\Users\PC\.m2\repository\org\springframework\spring-beans\6.2.11\spring-beans-6.2.11.jar;C:\Users\PC\.m2\repository\org\slf4j\slf4j-api\2.0.17\slf4j-api-2.0.17.jar;C:\Users\PC\.m2\repository\org\springframework\spring-aspects\6.2.11\spring-aspects-6.2.11.jar;C:\Users\PC\.m2\repository\org\aspectj\aspectjweaver\1.9.24\aspectjweaver-1.9.24.jar;C:\Users\PC\.m2\repository\org\springframework\boot\spring-boot-starter-web\3.5.6\spring-boot-starter-web-3.5.6.jar;C:\Users\PC\.m2\repository\org\springframework\boot\spring-boot-starter-json\3.5.6\spring-boot-starter-json-3.5.6.jar;C:\Users\PC\.m2\repository\com\fasterxml\jackson\core\jackson-databind\2.19.2\jackson-databind-2.19.2.jar;C:\Users\PC\.m2\repository\com\fasterxml\jackson\core\jackson-core\2.19.2\jackson-core-2.19.2.jar;C:\Users\PC\.m2\repository\com\fasterxml\jackson\datatype\jackson-datatype-jdk8\2.19.2\jackson-datatype-jdk8-2.19.2.jar;C:\Users\PC\.m2\repository\com\fasterxml\jackson\datatype\jackson-datatype-jsr310\2.19.2\jackson-datatype-jsr310-2.19.2.jar;C:\Users\PC\.m2\repository\com\fasterxml\jackson\module\jackson-module-parameter-names\2.19.2\jackson-module-parameter-names-2.19.2.jar;C:\Users\PC\.m2\repository\org\springframework\spring-web\6.2.11\spring-web-6.2.11.jar;C:\Users\PC\.m2\repository\io\micrometer\micrometer-observation\1.15.4\micrometer-observation-1.15.4.jar;C:\Users\PC\.m2\repository\io\micrometer\micrometer-commons\1.15.4\micrometer-commons-1.15.4.jar;C:\Users\PC\.m2\repository\org\springframework\spring-webmvc\6.2.11\spring-webmvc-6.2.11.jar;C:\Users\PC\.m2\repository\org\springframework\spring-expression\6.2.11\spring-expression-6.2.11.jar;C:\Users\PC\.m2\repository\org\springframework\boot\spring-boot-devtools\3.5.6\spring-boot-devtools-3.5.6.jar;C:\Users\PC\.m2\repository\org\springframework\boot\spring-boot\3.5.6\spring-boot-3.5.6.jar;C:\Users\PC\.m2\repository\org\springframework\boot\spring-boot-autoconfigure\3.5.6\spring-boot-autoconfigure-3.5.6.jar;C:\Users\PC\.m2\repository\com\mysql\mysql-connector-j\9.4.0\mysql-connector-j-9.4.0.jar;C:\Users\PC\.m2\repository\org\projectlombok\lombok\1.18.40\lombok-1.18.40.jar;C:\Users\PC\.m2\repository\org\springframework\boot\spring-boot-starter-tomcat\3.5.6\spring-boot-starter-tomcat-3.5.6.jar;C:\Users\PC\.m2\repository\jakarta\annotation\jakarta.annotation-api\2.1.1\jakarta.annotation-api-2.1.1.jar;C:\Users\PC\.m2\repository\org\apache\tomcat\embed\tomcat-embed-core\10.1.46\tomcat-embed-core-10.1.46.jar;C:\Users\PC\.m2\repository\org\apache\tomcat\embed\tomcat-embed-el\10.1.46\tomcat-embed-el-10.1.46.jar;C:\Users\PC\.m2\repository\org\apache\tomcat\embed\tomcat-embed-websocket\10.1.46\tomcat-embed-websocket-10.1.46.jar;C:\Users\PC\.m2\repository\com\jayway\jsonpath\json-path\2.9.0\json-path-2.9.0.jar;C:\Users\PC\.m2\repository\jakarta\xml\bind\jakarta.xml.bind-api\4.0.2\jakarta.xml.bind-api-4.0.2.jar;C:\Users\PC\.m2\repository\jakarta\activation\jakarta.activation-api\2.1.4\jakarta.activation-api-2.1.4.jar;C:\Users\PC\.m2\repository\net\minidev\json-smart\2.5.2\json-smart-2.5.2.jar;C:\Users\PC\.m2\repository\net\minidev\accessors-smart\2.5.2\accessors-smart-2.5.2.jar;C:\Users\PC\.m2\repository\org\ow2\asm\asm\9.7.1\asm-9.7.1.jar;C:\Users\PC\.m2\repository\org\springframework\spring-core\6.2.11\spring-core-6.2.11.jar;C:\Users\PC\.m2\repository\org\springframework\spring-jcl\6.2.11\spring-jcl-6.2.11.jar;C:\Users\PC\.m2\repository\org\springframework\boot\spring-boot-starter-data-rest\3.5.6\spring-boot-starter-data-rest-3.5.6.jar;C:\Users\PC\.m2\repository\org\springframework\data\spring-data-rest-webmvc\4.5.4\spring-data-rest-webmvc-4.5.4.jar;C:\Users\PC\.m2\repository\org\springframework\data\spring-data-rest-core\4.5.4\spring-data-rest-core-4.5.4.jar;C:\Users\PC\.m2\repository\org\springframework\hateoas\spring-hateoas\2.5.1\spring-hateoas-2.5.1.jar;C:\Users\PC\.m2\repository\org\springframework\plugin\spring-plugin-core\3.0.0\spring-plugin-core-3.0.0.jar;C:\Users\PC\.m2\repository\org\atteo\evo-inflector\1.3\evo-inflector-1.3.jar;C:\Users\PC\.m2\repository\com\fasterxml\jackson\core\jackson-annotations\2.19.2\jackson-annotations-2.19.2.jar;C:\Users\PC\.m2\repository\org\springframework\boot\spring-boot-starter-validation\3.5.6\spring-boot-starter-validation-3.5.6.jar;C:\Users\PC\.m2\repository\org\hibernate\validator\hibernate-validator\8.0.3.Final\hibernate-validator-8.0.3.Final.jar;C:\Users\PC\.m2\repository\jakarta\validation\jakarta.validation-api\3.0.2\jakarta.validation-api-3.0.2.jar;C:\Users\PC\.m2\repository\org\springdoc\springdoc-openapi-starter-webmvc-ui\2.8.5\springdoc-openapi-starter-webmvc-ui-2.8.5.jar;C:\Users\PC\.m2\repository\org\springdoc\springdoc-openapi-starter-webmvc-api\2.8.5\springdoc-openapi-starter-webmvc-api-2.8.5.jar;C:\Users\PC\.m2\repository\org\springdoc\springdoc-openapi-starter-common\2.8.5\springdoc-openapi-starter-common-2.8.5.jar;C:\Users\PC\.m2\repository\io\swagger\core\v3\swagger-core-jakarta\2.2.28\swagger-core-jakarta-2.2.28.jar;C:\Users\PC\.m2\repository\org\apache\commons\commons-lang3\3.17.0\commons-lang3-3.17.0.jar;C:\Users\PC\.m2\repository\io\swagger\core\v3\swagger-annotations-jakarta\2.2.28\swagger-annotations-jakarta-2.2.28.jar;C:\Users\PC\.m2\repository\io\swagger\core\v3\swagger-models-jakarta\2.2.28\swagger-models-jakarta-2.2.28.jar;C:\Users\PC\.m2\repository\com\fasterxml\jackson\dataformat\jackson-dataformat-yaml\2.19.2\jackson-dataformat-yaml-2.19.2.jar;C:\Users\PC\.m2\repository\org\webjars\swagger-ui\5.18.3\swagger-ui-5.18.3.jar;C:\Users\PC\.m2\repository\org\webjars\webjars-locator-lite\1.1.0\webjars-locator-lite-1.1.0.jar;C:\Users\PC\.m2\repository\org\jspecify\jspecify\1.0.0\jspecify-1.0.0.jar
Launcher Type: SUN_STANDARD

[Global flags]
     intx CICompilerCount                          = 4                                         {product} {ergonomic}
     uint ConcGCThreads                            = 3                                         {product} {ergonomic}
     uint G1ConcRefinementThreads                  = 10                                        {product} {ergonomic}
   size_t G1HeapRegionSize                         = 2097152                                   {product} {ergonomic}
    uintx GCDrainStackTargetSize                   = 64                                        {product} {ergonomic}
   size_t InitialHeapSize                          = 232783872                                 {product} {ergonomic}
   size_t MarkStackSize                            = 4194304                                   {product} {ergonomic}
   size_t MaxHeapSize                              = 3724541952                                {product} {ergonomic}
   size_t MaxNewSize                               = 2233466880                                {product} {ergonomic}
   size_t MinHeapDeltaBytes                        = 2097152                                   {product} {ergonomic}
   size_t MinHeapSize                              = 8388608                                   {product} {ergonomic}
    uintx NonNMethodCodeHeapSize                   = 5839372                                {pd product} {ergonomic}
    uintx NonProfiledCodeHeapSize                  = 122909434                              {pd product} {ergonomic}
    uintx ProfiledCodeHeapSize                     = 122909434                              {pd product} {ergonomic}
    uintx ReservedCodeCacheSize                    = 251658240                              {pd product} {ergonomic}
     bool SegmentedCodeCache                       = true                                      {product} {ergonomic}
     bool ShowCodeDetailsInExceptionMessages       = true                                   {manageable} {command line}
   size_t SoftMaxHeapSize                          = 3724541952                             {manageable} {ergonomic}
     bool UseCompressedOops                        = true                           {product lp64_product} {ergonomic}
     bool UseG1GC                                  = true                                      {product} {ergonomic}
     bool UseLargePagesIndividualAllocation        = false                                  {pd product} {ergonomic}

Logging:
Log output configuration:
 #0: stdout all=warning uptime,level,tags foldmultilines=false
 #1: stderr all=off uptime,level,tags foldmultilines=false

Environment Variables:
JAVA_HOME=C:\Program Files\Java\jdk-24
PATH=C:/Users/PC/.p2/pool/plugins/org.eclipse.justj.openjdk.hotspot.jre.full.win32.x86_64_21.0.7.v20250502-0916/jre/bin/server;C:/Users/PC/.p2/pool/plugins/org.eclipse.justj.openjdk.hotspot.jre.full.win32.x86_64_21.0.7.v20250502-0916/jre/bin;C:\Program Files (x86)\Razer\ChromaBroadcast\bin;C:\Program Files\Razer\ChromaBroadcast\bin;C:\Program Files\Common Files\Oracle\Java\javapath;C:\Windows\system32;C:\Windows;C:\Windows\System32\Wbem;C:\Windows\System32\WindowsPowerShell\v1.0\;C:\Windows\System32\OpenSSH\;C:\Program Files\Git\cmd;C:\Program Files\Java\jdk-24\bin;C:\Program Files\nodejs\;C:\Windows\system32\config\systemprofile\AppData\Local\Microsoft\WindowsApps;C:\Program Files (x86)\Razer Chroma SDK\bin;C:\Program Files\Razer Chroma SDK\bin;C:\Users\PC\AppData\Local\Microsoft\WindowsApps;C:\Users\PC\AppData\Local\Programs\Microsoft VS Code\bin;C:\apache-maven-3.9.10\bin;C:\Users\PC\AppData\Roaming\npm;C:\Users\PC\AppData\Local\Microsoft\WindowsApps;C:\Users\PC\AppData\Local\Programs\Microsoft VS Code\bin;C:\apache-maven-3.9.10\bin;C:\Users\PC\AppData\Roaming\npm;C:\Windows\System32;
USERNAME=PC
OS=Windows_NT
PROCESSOR_IDENTIFIER=AMD64 Family 25 Model 80 Stepping 0, AuthenticAMD
TMP=C:\Users\PC\AppData\Local\Temp
TEMP=C:\Users\PC\AppData\Local\Temp




Periodic native trim disabled

---------------  S Y S T E M  ---------------

OS:
 Windows 10 , 64 bit Build 19041 (10.0.19041.5915)
OS uptime: 7 days 4:17 hours

CPU: total 12 (initial active 12) (12 cores per cpu, 2 threads per core) family 25 model 80 stepping 0 microcode 0x0, cx8, cmov, fxsr, ht, mmx, 3dnowpref, sse, sse2, sse3, ssse3, sse4a, sse4.1, sse4.2, popcnt, lzcnt, tsc, tscinvbit, avx, avx2, aes, erms, clmul, bmi1, bmi2, adx, sha, fma, vzeroupper, clflush, clflushopt, rdtscp, rdpid, fsrm, f16c, pku, cet_ss
Processor Information for the first 12 processors :
  Max Mhz: 3901, Current Mhz: 3901, Mhz Limit: 3901

Memory: 4k page, system-wide physical 14205M (292M free)
TotalPageFile size 57213M (AvailPageFile size 804M)
current process WorkingSet (physical memory assigned to process): 86M, peak: 86M
current process commit charge ("private bytes"): 328M, peak: 328M

vm_info: OpenJDK 64-Bit Server VM (21.0.7+6-LTS) for windows-amd64 JRE (21.0.7+6-LTS), built on 2025-04-15T00:00:00Z by "admin" with MS VC++ 17.7 (VS2022)

END.
